name,dtype,status,selected,n_bins,woe,quality_score
ACTIVIT2,categorical,OPTIMAL,True,4,649.9338102082716,0.15985946258385142
VOCATION,categorical,OPTIMAL,True,5,814.0782538084175,0.007643357838204901
ADOSS,categorical,OPTIMAL,True,2,405.9680810841638,0.00914563525205822
CARACT1,categorical,OPTIMAL,True,3,466.344832522288,0.07296077015586669
CARACT3,categorical,OPTIMAL,True,1,366.50909026235854,0.05761335871979676
INDEM1,categorical,OPTIMAL,True,2,399.135673261766,0.028106473826402908
TYPBAT1,categorical,OPTIMAL,True,2,687.0382760316718,0.13604363193530544
INDEM2,categorical,OPTIMAL,True,5,680.0595236055486,0.0738146920088267
FRCH1,categorical,OPTIMAL,True,3,500.1079103329418,0.04876788210602156
FRCH2,categorical,OPTIMAL,True,4,561.0735495561321,0.02158644430850071
DEROG2,categorical,OPTIMAL,True,2,649.5179199866005,0.062137750378075306
DEROG4,categorical,OPTIMAL,True,2,445.2867580673981,0.07334250381148023
DEROG5,categorical,OPTIMAL,True,2,466.76908915079196,0.06064915863121579
DEROG12,categorical,OPTIMAL,True,1,290.989303645762,0.09140539211388368
KAPITAL34,categorical,OPTIMAL,True,2,385.43448145130935,0.011676849920404669
KAPITAL35,categorical,OPTIMAL,True,2,400.0346597312696,0.010876988846768151
KAPITAL37,categorical,OPTIMAL,True,2,669.0880600183823,0.08664452724828711
KAPITAL40,categorical,OPTIMAL,True,2,572.044230516641,0.4438914918707144
KAPITAL41,categorical,OPTIMAL,True,2,532.8187831377624,0.24471013048876838
KAPITAL42,categorical,OPTIMAL,True,2,537.5578107930144,0.07224218679873012
KAPITAL43,categorical,OPTIMAL,True,2,582.6382166011246,0.16160169924683368
RISK6,categorical,OPTIMAL,True,2,320.37549322959694,0.3187414350250899
RISK8,categorical,OPTIMAL,True,2,239.63441914031424,0.1272454668651372
RISK9,categorical,OPTIMAL,True,3,559.167519649883,0.15107982947943532
RISK10,categorical,OPTIMAL,True,3,508.93304902413126,0.5717674866017379
RISK11,categorical,OPTIMAL,True,3,609.0926488207763,0.15346869027090618
RISK12,categorical,OPTIMAL,True,3,454.6161297164707,0.08009924740716143
RISK13,categorical,OPTIMAL,True,3,408.6281785624918,0.10403765639326708
EQUIPEMENT2,categorical,OPTIMAL,True,3,345.0692163544543,0.2106069080996529
EQUIPEMENT5,categorical,OPTIMAL,True,1,205.97589638828526,0.08065278006381026
ESPINSEE,categorical,OPTIMAL,True,3,281.46555460883985,0.020882601930215218
AN_EXERC,categorical,OPTIMAL,True,5,576.8515255580645,0.011206023005481127
ZONE,categorical,OPTIMAL,True,5,1695.4783702448453,0.09321812879728017
ZONE_REGION,categorical,OPTIMAL,True,5,751.2910191817141,0.036077368939060855
LOG_AVA1_num,categorical,OPTIMAL,True,5,443.39900654581805,7.828368884397345e-05
LOG_A1_A2_num,categorical,OPTIMAL,True,3,290.1954264959983,0.021077052750958638
LOG_A2_A3_num,categorical,OPTIMAL,True,4,347.89059570220667,0.008351916246089018
LOG_APA3_num,categorical,OPTIMAL,True,5,494.611766919639,0.004737028183917592
LOG_INC_num,categorical,OPTIMAL,True,1,250.6049016741623,0.03742580315942295
LOG_SOC_num,categorical,OPTIMAL,True,2,285.38612780436785,0.09059581504195426
LOG_TOT,categorical,OPTIMAL,True,5,505.6098378262732,0.055553765169836525
LOG_AVA1_num_LOG_TOT,categorical,OPTIMAL,True,5,1028.1325669005757,0.1674481193700462
LOG_A1_A2_num_LOG_TOT,categorical,OPTIMAL,True,5,784.8822861718857,0.16403492713663606
LOG_A2_A3_num_LOG_TOT,categorical,OPTIMAL,True,5,922.2593849279613,0.13969340952765827
LOG_APA3_num_LOG_TOT,categorical,OPTIMAL,True,5,973.3043746120164,0.2145062120487948
LOG_INC_num_LOG_TOT,categorical,OPTIMAL,True,5,505.6098378262732,0.055553765169836525
LOG_SOC_num_LOG_TOT,categorical,OPTIMAL,True,5,641.6168618798347,0.06007209320141862
LOG_VETUSTE,categorical,OPTIMAL,True,5,1400.979341138039,0.3312470917837281
LOG_REGION,categorical,OPTIMAL,True,5,1407.2425267464453,0.2926096562296738
LOG_VETUSTE_REGION,categorical,OPTIMAL,True,5,3284.8842072858315,0.12477549183569293
MEN_PAUV_num,categorical,OPTIMAL,True,3,286.9379463739827,0.04690809112254419
MEN_1IND_num,categorical,OPTIMAL,True,4,322.3990062328854,0.0032112705544404788
MEN_5IND_num,categorical,OPTIMAL,True,2,322.36988415890556,0.08516403666643795
MEN_PROP_num,categorical,OPTIMAL,True,4,312.1900023860534,0.007223802785671411
MEN_FMP_num,categorical,OPTIMAL,True,2,275.4043915202131,0.15126831436850688
MEN_COLL_num,categorical,OPTIMAL,True,5,432.6379502640707,0.002806345913063317
MEN_MAIS_num,categorical,OPTIMAL,True,5,411.67497812249843,0.0028351781128044384
MEN_num,categorical,OPTIMAL,True,1,250.6049016741623,0.03742580315942295
MEN_TOT,categorical,OPTIMAL,True,5,636.1205011759081,0.09697603744156832
MEN_PAUV_MEN_TOT,categorical,OPTIMAL,True,5,897.5548745996886,0.24993062773878733
MEN_PAUV_MEN,categorical,OPTIMAL,True,3,287.5111577938388,0.04830723725527923
MEN_1IND_MEN_TOT,categorical,OPTIMAL,True,5,1083.0477151968757,0.2816752966968833
MEN_1IND_MEN,categorical,OPTIMAL,True,4,339.73588307682627,0.0039641955105021
MEN_5IND_MEN_TOT,categorical,OPTIMAL,True,5,677.0479377556521,0.13487356690732702
MEN_5IND_MEN,categorical,OPTIMAL,True,2,323.3664721078325,0.08633136673368237
MEN_PROP_MEN_TOT,categorical,OPTIMAL,True,5,1078.1792603475637,0.23272762608920325
MEN_PROP_MEN,categorical,OPTIMAL,True,4,327.17500646390465,0.010980939010513807
MEN_FMP_MEN_TOT,categorical,OPTIMAL,True,5,954.3322716108663,0.3148951042483045
MEN_FMP_MEN,categorical,OPTIMAL,True,2,276.906605517257,0.15630116104964445
MEN_COLL_MEN_TOT,categorical,OPTIMAL,True,5,1390.2584750335186,0.2542698756883861
MEN_COLL_MEN,categorical,OPTIMAL,True,5,510.79723407496533,0.0010051801737893935
MEN_MAIS_MEN_TOT,categorical,OPTIMAL,True,5,1390.2816234187148,0.2540262429809158
MEN_MAIS_MEN,categorical,OPTIMAL,True,5,489.64916666247456,0.0010761494502088517
MEN_MEN_TOT,categorical,OPTIMAL,True,5,641.171754326778,0.10731043682779819
MEN_REGION,categorical,OPTIMAL,True,5,2256.814854418437,0.05719012315432075
IND_num,categorical,OPTIMAL,True,1,250.6049016741623,0.03742580315942295
IND_0_Y1_num,categorical,OPTIMAL,True,1,250.6049016741623,0.03742580315942295
IND_Y2_Y3_num,categorical,OPTIMAL,True,1,250.6049016741623,0.03742580315942295
IND_Y3_Y4_num,categorical,OPTIMAL,True,2,259.0614281674589,0.03725878725435845
IND_Y4_Y5_num,categorical,OPTIMAL,True,1,250.6049016741623,0.03742580315942295
IND_Y5_Y6_num,categorical,OPTIMAL,True,3,452.2496612061639,0.038602908940004184
IND_Y6_Y7_num,categorical,OPTIMAL,True,2,268.0078659397172,0.13512962711967452
IND_Y7_Y8_num,categorical,OPTIMAL,True,2,363.8116494750906,0.08749621814821976
IND_Y8_Y9_num,categorical,OPTIMAL,True,3,346.00766171960964,0.10466474090504174
IND_Y9_num,categorical,OPTIMAL,True,2,272.0441733987694,0.06292124962147953
IND_SNV_num,categorical,OPTIMAL,True,3,331.7516149547072,0.12808940833136725
IND_TOT,categorical,OPTIMAL,True,5,411.1915403116251,0.0028354399628318983
IND_IND_TOT,categorical,OPTIMAL,True,5,424.5570698610676,0.001993681992317671
IND_IND_SNV,categorical,OPTIMAL,True,3,340.81136856293875,0.1542729202236796
IND_0_Y1_IND_TOT,categorical,OPTIMAL,True,5,411.19591558428516,0.0028358357059361816
IND_0_Y1_IND,categorical,OPTIMAL,True,1,250.6049016741623,0.03742580315942295
IND_0_Y1_IND_SNV,categorical,OPTIMAL,True,3,331.7634301890242,0.12810769340278846
IND_Y1_Y2_IND_TOT,categorical,OPTIMAL,True,5,411.1915403116251,0.0028354399628318983
IND_Y1_Y2_IND,categorical,OPTIMAL,True,1,250.6049016741623,0.03742580315942295
IND_Y1_Y2_IND_SNV,categorical,OPTIMAL,True,3,331.7516149547072,0.12808940833136725
IND_Y2_Y3_IND_TOT,categorical,OPTIMAL,True,5,413.97377205475567,0.0033076820245008737
IND_Y2_Y3_IND,categorical,OPTIMAL,True,1,250.6049016741623,0.03742580315942295
IND_Y2_Y3_IND_SNV,categorical,OPTIMAL,True,3,333.0497824341321,0.13015576347478
IND_Y3_Y4_IND_TOT,categorical,OPTIMAL,True,5,490.6969276729318,0.009316814078874617
IND_Y3_Y4_IND,categorical,OPTIMAL,True,2,259.47395446740126,0.03875742795993044
IND_Y3_Y4_IND_SNV,categorical,OPTIMAL,True,5,442.52643553102297,0.01075786474515732
IND_Y4_Y5_IND_TOT,categorical,OPTIMAL,True,5,416.3711386585436,0.00414186505398014
IND_Y4_Y5_IND,categorical,OPTIMAL,True,1,250.6049016741623,0.03742580315942295
IND_Y4_Y5_IND_SNV,categorical,OPTIMAL,True,3,336.1512464651558,0.1389979314152329
IND_Y5_Y6_IND_TOT,categorical,OPTIMAL,True,5,782.3604638413929,0.025311588732944642
IND_Y5_Y6_IND,categorical,OPTIMAL,True,3,457.2786533541797,0.044324568337536084
IND_Y5_Y6_IND_SNV,categorical,OPTIMAL,True,5,694.2430354692608,0.008080031022395908
IND_Y6_Y7_IND_TOT,categorical,OPTIMAL,True,5,544.6865351710876,0.021540658454381155
IND_Y6_Y7_IND,categorical,OPTIMAL,True,2,268.0078659397172,0.13512962711967452
IND_Y6_Y7_IND_SNV,categorical,OPTIMAL,True,5,403.2649902747899,0.007390497380587331
IND_Y7_Y8_IND_TOT,categorical,OPTIMAL,True,5,602.9373021249395,0.021478913043217886
IND_Y7_Y8_IND,categorical,OPTIMAL,True,3,377.3235697032023,0.008128281313700246
IND_Y7_Y8_IND_SNV,categorical,OPTIMAL,True,4,449.8429387477822,0.18218184439877227
IND_Y8_Y9_IND_TOT,categorical,OPTIMAL,True,5,998.8115827671795,0.09605890771336088
IND_Y8_Y9_IND,categorical,OPTIMAL,True,3,346.46177945217767,0.10583990266004265
IND_Y8_Y9_IND_SNV,categorical,OPTIMAL,True,5,575.3746299810432,0.10017552212264151
IND_Y9_IND_TOT,categorical,OPTIMAL,True,5,601.6348645625828,0.040353758023848316
IND_Y9_IND,categorical,OPTIMAL,True,2,272.5399711237107,0.06445238770276891
IND_Y9_IND_SNV,categorical,OPTIMAL,True,5,393.69764897769545,0.0004190278601584641
IND_INC_IND_TOT,categorical,OPTIMAL,True,5,411.1915403116251,0.0028354399628318983
IND_INC_IND,categorical,OPTIMAL,True,1,250.6049016741623,0.03742580315942295
IND_INC_IND_SNV,categorical,OPTIMAL,True,3,331.7516149547072,0.12808940833136725
IND_SNV_IND_TOT,categorical,OPTIMAL,True,5,903.5668165748134,0.3506577409792432
IND_SNV_IND,categorical,OPTIMAL,True,3,340.81136856293875,0.1542729202236796
IND_REGION,categorical,OPTIMAL,True,5,1384.5424345682652,0.26608891765149606
IND_SNV_REGION,categorical,OPTIMAL,True,5,1012.9513593837934,0.19522778796050871
ALTITUDE_1_num,categorical,OPTIMAL,True,4,718.5058042123243,0.048482535721354116
ALTITUDE_2_num,categorical,OPTIMAL,True,3,432.3036046045143,0.02456081536016731
ALTITUDE_3_num,categorical,OPTIMAL,True,3,442.6437812021407,0.09258869769689711
ALTITUDE_4_num,categorical,OPTIMAL,True,4,427.3835611889448,0.000280188623875331
ALTITUDE_5_num,categorical,OPTIMAL,True,3,328.4163344570798,0.015664051643008377
ALTITUDE_TOT,categorical,OPTIMAL,True,5,1691.9605544251767,0.34700734468182715
ALTITUDE_1_ALT_TOT,categorical,OPTIMAL,True,5,1691.9605544251767,0.34700734468182715
ALTITUDE_2_ALT_TOT,categorical,OPTIMAL,True,5,1691.9605544251767,0.34700734468182715
ALTITUDE_3_ALT_TOT,categorical,OPTIMAL,True,5,1691.9605544251767,0.34700734468182715
ALTITUDE_4_ALT_TOT,categorical,OPTIMAL,True,5,1691.9605544251767,0.34700734468182715
ALTITUDE_5_ALT_TOT,categorical,OPTIMAL,True,5,1691.9605544251767,0.34700734468182715
ALTITUDE_REGION,categorical,OPTIMAL,True,5,2705.943302317982,0.5330523799580169
NBJTX25_MM_A_NBJTX25_MMAX_A,categorical,OPTIMAL,True,5,767.6925128376845,0.018126179904797802
NBJTX0_MM_A_NBJTX0_MMAX_A,categorical,OPTIMAL,True,5,1175.2972702372313,0.11010019482161168
NBJTXI27_MM_A_NBJTXI27_MMAX_A,categorical,OPTIMAL,True,5,962.334127682957,0.08503506088122191
NBJTXS32_MM_A_NBJTXS32_MMAX_A,categorical,OPTIMAL,True,5,693.7976561017018,0.005119828930461417
NBJTXI20_MM_A_NBJTXI20_MMAX_A,categorical,OPTIMAL,True,5,1026.1705361426966,0.01091410006889935
NBJTX30_MM_A_NBJTX30_MMAX_A,categorical,OPTIMAL,True,5,745.908819696691,0.030123384545228844
NBJTX35_MM_A_NBJTX35_MMAX_A,categorical,OPTIMAL,True,5,932.759601702121,0.003563086808116213
NBJTN10_MM_A_NBJTN10_MMAX_A,categorical,OPTIMAL,True,5,1203.4616339025888,0.01192538893697845
NBJTNI10_MM_A_NBJTNI10_MMAX_A,categorical,OPTIMAL,True,5,695.1528513258398,0.013425323786033864
NBJTN5_MM_A_NBJTN5_MMAX_A,categorical,OPTIMAL,True,5,1084.5008560062356,0.010147081344071853
NBJTNS25_MM_A_NBJTNS25_MMAX_A,categorical,OPTIMAL,True,3,694.1148838958552,0.06232249058342074
NBJTNI15_MM_A_NBJTNI15_MMAX_A,categorical,OPTIMAL,True,5,714.8111457379366,0.012372313062935942
NBJTNI20_MM_A_NBJTNI20_MMAX_A,categorical,OPTIMAL,True,4,630.9365490315658,0.03170307616026155
NBJTNS20_MM_A_NBJTNS20_MMAX_A,categorical,OPTIMAL,True,4,694.4205865420137,0.010847312682321543
NBJTMS24_MM_A_NBJTMS24_MMAX_A,categorical,OPTIMAL,True,4,658.0710476384431,0.0015505702971962724
TAMPLIAB_VOR_MM_A_TAMPLIAB_VOR_MMAX_A,categorical,OPTIMAL,True,5,827.8583743416407,0.028420118751249463
TAMPLIM_VOR_MM_A_TAMPLIM_VOR_MMAX_A,categorical,OPTIMAL,True,5,848.1381928713271,0.01600295132288403
TM_VOR_MM_A_TM_VOR_MMAX_A,categorical,OPTIMAL,True,5,1144.1399654912395,0.05508911407663376
TMM_VOR_MM_A_TMM_VOR_MMAX_A,categorical,OPTIMAL,True,5,778.1755921589008,0.0001601431195759664
TMMAX_VOR_MM_A_TMMAX_VOR_MMAX_A,categorical,OPTIMAL,True,5,922.7666937705169,0.01574750483850918
TMMIN_VOR_MM_A_TMMIN_VOR_MMAX_A,categorical,OPTIMAL,True,5,881.0985026912246,0.02208825483907304
TN_VOR_MM_A_TN_VOR_MMAX_A,categorical,OPTIMAL,True,5,825.2707931217805,0.01751262303873602
TNAB_VOR_MM_A_TNAB_VOR_MMAX_A,categorical,OPTIMAL,True,5,1000.5220856091032,0.2825869872143132
TNMAX_VOR_MM_A_TNMAX_VOR_MMAX_A,categorical,OPTIMAL,True,5,875.9885530158307,0.03502241424222508
TX_VOR_MM_A_TX_VOR_MMAX_A,categorical,OPTIMAL,True,5,988.4631738956239,0.03891126283718053
TXAB_VOR_MM_A_TXAB_VOR_MMAX_A,categorical,OPTIMAL,True,5,873.3914799109696,0.0036498572607844048
TXMIN_VOR_MM_A_TXMIN_VOR_MMAX_A,categorical,OPTIMAL,True,5,867.2953612891987,0.011141424795767381
NBJFF10_MM_A_NBJFF10_MMAX_A,categorical,OPTIMAL,True,5,835.3642447376742,0.005073248895520846
NBJFF16_MM_A_NBJFF16_MMAX_A,categorical,OPTIMAL,True,5,660.1841408957172,0.03384157288048527
NBJFF28_MM_A_NBJFF28_MMAX_A,categorical,OPTIMAL,True,5,802.4548785143726,0.021538287521345702
NBJFXI3S10_MM_A_NBJFXI3S10_MMAX_A,categorical,OPTIMAL,True,5,855.126182107045,0.018378063050174937
NBJFXI3S16_MM_A_NBJFXI3S16_MMAX_A,categorical,OPTIMAL,True,5,748.7209970871322,0.014314079958368073
NBJFXI3S28_MM_A_NBJFXI3S28_MMAX_A,categorical,OPTIMAL,True,5,767.6760628260596,0.02105557150798477
NBJFXY8_MM_A_NBJFXY8_MMAX_A,categorical,OPTIMAL,True,5,804.8031654296267,0.0010216830895989223
NBJFXY10_MM_A_NBJFXY10_MMAX_A,categorical,OPTIMAL,True,5,885.870156655661,0.000883706317593449
NBJFXY15_MM_A_NBJFXY15_MMAX_A,categorical,OPTIMAL,True,5,754.9709978336333,0.0016475149578596554
FFM_VOR_MM_A_FFM_VOR_MMAX_A,categorical,OPTIMAL,True,4,650.570197102816,0.051124954313402554
FXI3SAB_VOR_MM_A_FXI3SAB_VOR_MMAX_A,categorical,OPTIMAL,True,3,578.7783825535683,0.22311046777764315
FXIAB_VOR_MM_A_FXIAB_VOR_MMAX_A,categorical,OPTIMAL,True,5,835.0098837363514,0.0007548424754344825
FXYAB_VOR_MM_A_FXYAB_VOR_MMAX_A,categorical,OPTIMAL,True,5,760.9977926489494,0.018044496194714852
FFM_VOR_COM_MM_A_Y_FFM_VOR_COM_MMAX_A_Y,categorical,OPTIMAL,True,5,453.2322852698926,0.0008607039684632562
FXI3SAB_VOR_COM_MM_A_Y_FXI3SAB_VOR_COM_MMAX_A_Y,categorical,OPTIMAL,True,2,262.50211127485375,0.06103357958973831
NBJRR50_MM_A_NBJRR50_MMAX_A,categorical,OPTIMAL,True,5,888.7538395946519,0.003622238959483861
NBJRR1_MM_A_NBJRR1_MMAX_A,categorical,OPTIMAL,True,5,767.3930012818053,0.014728474159515292
NBJRR5_MM_A_NBJRR5_MMAX_A,categorical,OPTIMAL,True,5,829.1841150739422,0.06917049777057792
NBJRR10_MM_A_NBJRR10_MMAX_A,categorical,OPTIMAL,True,5,997.0228981499412,0.009462287355484041
NBJRR30_MM_A_NBJRR30_MMAX_A,categorical,OPTIMAL,True,5,962.2447886511479,0.09210174030012794
NBJRR100_MM_A_NBJRR100_MMAX_A,categorical,OPTIMAL,True,2,508.25381895474527,0.44720824673854354
RR_VOR_MM_A_RR_VOR_MMAX_A,categorical,OPTIMAL,True,5,970.6800537730146,0.01407550295662274
RRAB_VOR_MM_A_RRAB_VOR_MMAX_A,categorical,OPTIMAL,True,5,1129.8983354122397,0.09161660636091598
total_surface_crossed,categorical,OPTIMAL,True,5,1011.6904085989463,0.07155514592989563
nb_casernes_extinction_rate,categorical,OPTIMAL,True,5,421.42938230950784,0.043549115965884816
zone_vent_extinction_rate,categorical,OPTIMAL,True,5,974.428706996755,0.01583290420656363
VENT_x_CASERNES,categorical,OPTIMAL,True,4,348.70579160199355,0.008159925719179366
TYPERS,categorical,OPTIMAL,True,2,580.848779865431,0.4069031264823651
NB_CASERNES,categorical,OPTIMAL,True,2,274.335030453747,0.036241785053428066
BDTOPO_BAT_MAX_HAUTEUR,categorical,OPTIMAL,True,4,878.5547372274816,0.3373894283878699
HAUTEUR_MAX,categorical,OPTIMAL,True,3,659.070710666395,0.49481170249190626
HAUTEUR,categorical,OPTIMAL,True,4,884.0065507315295,0.08558501010900645
BDTOPO_BAT_MAX_HAUTEUR_MAX,categorical,OPTIMAL,True,3,662.5774047931968,0.4681432121915187
MEN_SURF,categorical,OPTIMAL,True,4,285.4316591645052,0.001527516762941173
IND_SNV,categorical,OPTIMAL,True,3,331.7516149547072,0.12808940833136725
IND_INC,categorical,OPTIMAL,True,1,250.6049016741623,0.03742580315942295
IND_Y9,categorical,OPTIMAL,True,2,272.0441733987694,0.06292124962147953
IND_0_Y1,categorical,OPTIMAL,True,1,250.6049016741623,0.03742580315942295
IND,categorical,OPTIMAL,True,1,250.6049016741623,0.03742580315942295
LOG_SOC,categorical,OPTIMAL,True,2,285.38612780436785,0.09059581504195426
LOG_INC,categorical,OPTIMAL,True,1,250.6049016741623,0.03742580315942295
LOG_APA3,categorical,OPTIMAL,True,5,494.611766919639,0.004737028183917592
LOG_AVA1,categorical,OPTIMAL,True,5,443.39900654581805,7.828368884397345e-05
MEN_MAIS,categorical,OPTIMAL,True,5,411.67497812249843,0.0028351781128044384
MEN_COLL,categorical,OPTIMAL,True,5,432.6379502640707,0.002806345913063317
MEN_FMP,categorical,OPTIMAL,True,2,275.4043915202131,0.15126831436850688
MEN_PROP,categorical,OPTIMAL,True,4,312.1900023860534,0.007223802785671411
MEN_PAUV,categorical,OPTIMAL,True,3,286.9379463739827,0.04690809112254419
MEN,categorical,OPTIMAL,True,1,250.6049016741623,0.03742580315942295
COEFASS,categorical,OPTIMAL,True,5,866.1498442707166,0.006542664392301713
DISTANCE_111,categorical,OPTIMAL,True,3,618.4733049320307,0.0010059476312103265
DISTANCE_112,categorical,OPTIMAL,True,3,589.623889610292,0.006218494369942431
DISTANCE_121,categorical,OPTIMAL,True,3,611.2747510202424,0.001069583305168284
DISTANCE_122,categorical,OPTIMAL,True,3,621.0151357063335,0.014436639803262952
DISTANCE_123,categorical,OPTIMAL,True,4,694.4951567526562,0.02524927141061583
DISTANCE_124,categorical,OPTIMAL,True,3,687.6370927806283,0.21183500138346886
DISTANCE_131,categorical,OPTIMAL,True,3,617.0382976396094,0.0022404948884945553
DISTANCE_132,categorical,OPTIMAL,True,4,771.3421893741728,0.01762490887250413
DISTANCE_133,categorical,OPTIMAL,True,3,652.5619373779145,0.18892452192423803
DISTANCE_141,categorical,OPTIMAL,True,4,786.2632403967727,0.017055469637113338
DISTANCE_142,categorical,OPTIMAL,True,3,581.8963541250738,0.06890071386787693
DISTANCE_211,categorical,OPTIMAL,True,2,406.83971492470346,0.36063063476421064
DISTANCE_212,categorical,OPTIMAL,True,4,712.8280957681515,0.15428523779230752
DISTANCE_213,categorical,OPTIMAL,True,4,716.3956499659818,0.04549526123923034
DISTANCE_221,categorical,OPTIMAL,True,4,754.3203583612781,0.0003796685864711606
DISTANCE_222,categorical,OPTIMAL,True,3,618.8065658038349,0.012193229919876643
DISTANCE_223,categorical,OPTIMAL,True,4,726.3612752065926,0.045811485387520556
DISTANCE_231,categorical,OPTIMAL,True,2,448.78748719184864,0.43444214596022407
DISTANCE_242,categorical,OPTIMAL,True,2,477.6994517771915,0.28711103011518097
DISTANCE_243,categorical,OPTIMAL,True,3,609.0552925029177,0.012508783577137535
DISTANCE_244,categorical,OPTIMAL,True,1,385.9733978431603,0.38714848196413093
DISTANCE_311,categorical,OPTIMAL,True,2,436.74724683017894,0.39651052534453524
DISTANCE_312,categorical,OPTIMAL,True,1,386.43958823240536,0.3874490045111838
DISTANCE_313,categorical,OPTIMAL,True,1,384.29490341917597,0.38544546958703174
DISTANCE_321,categorical,OPTIMAL,True,4,713.689604112266,0.003855452577678169
DISTANCE_322,categorical,OPTIMAL,True,3,579.3899991691168,0.0017383655129736403
DISTANCE_323,categorical,OPTIMAL,True,4,736.5248892249182,0.05453472648426472
DISTANCE_324,categorical,OPTIMAL,True,1,386.34597275314985,0.3873864247099595
DISTANCE_331,categorical,OPTIMAL,True,4,806.7657238272451,0.007469997385599558
DISTANCE_332,categorical,OPTIMAL,True,4,771.3354669925191,0.04740104735138981
DISTANCE_333,categorical,OPTIMAL,True,4,744.1541008717728,0.0022225809899229614
DISTANCE_334,categorical,OPTIMAL,True,4,741.0156477889159,0.05274337018181335
DISTANCE_335,categorical,OPTIMAL,True,4,713.3487774077906,0.013397152154259703
DISTANCE_411,categorical,OPTIMAL,True,3,549.9202360957058,0.15132816261955365
DISTANCE_412,categorical,OPTIMAL,True,4,755.003446272775,0.0974658324431473
DISTANCE_421,categorical,OPTIMAL,True,4,1014.2808423793047,0.16534788926642696
DISTANCE_422,categorical,OPTIMAL,True,4,758.5397441032579,0.027678331431245082
DISTANCE_423,categorical,OPTIMAL,True,4,839.1090536682332,0.2698834678365185
DISTANCE_511,categorical,OPTIMAL,True,4,699.3315036428606,0.012552742427749859
DISTANCE_512,categorical,OPTIMAL,True,3,555.1358530790509,0.2932781278638186
DISTANCE_521,categorical,OPTIMAL,True,4,975.5719454679274,0.10445355247664642
DISTANCE_522,categorical,OPTIMAL,True,4,844.8189138675715,0.18036444150648603
DISTANCE_523,categorical,OPTIMAL,True,4,837.492553288654,0.256757244080353
PROPORTION_11,categorical,OPTIMAL,True,3,297.0832448376404,0.002770087205154753
PROPORTION_12,categorical,OPTIMAL,True,1,250.5361391867953,0.03737901794770875
PROPORTION_13,categorical,OPTIMAL,True,1,250.5361391867953,0.03737901794770875
PROPORTION_14,categorical,OPTIMAL,True,1,250.5361391867953,0.03737901794770875
PROPORTION_21,categorical,OPTIMAL,True,5,498.70260014709993,0.006806599784243908
PROPORTION_22,categorical,OPTIMAL,True,5,582.337170580255,0.010129408671897924
PROPORTION_23,categorical,OPTIMAL,True,5,612.1743389878025,0.00044941430871294304
PROPORTION_24,categorical,OPTIMAL,True,5,506.2541535911782,0.020386069030843425
PROPORTION_31,categorical,OPTIMAL,True,5,420.9018663493417,0.0012198619119527228
PROPORTION_32,categorical,OPTIMAL,True,3,464.6694438577053,0.1302538250802609
PROPORTION_33,categorical,OPTIMAL,True,1,250.5361391867953,0.03737901794770875
PROPORTION_41,categorical,OPTIMAL,True,1,250.5361391867953,0.03737901794770875
PROPORTION_42,categorical,OPTIMAL,True,1,250.5361391867953,0.03737901794770875
PROPORTION_51,categorical,OPTIMAL,True,1,250.5361391867953,0.03737901794770875
PROPORTION_52,categorical,OPTIMAL,True,1,250.5361391867953,0.03737901794770875
MEN_1IND,categorical,OPTIMAL,True,4,322.3990062328854,0.0032112705544404788
MEN_5IND,categorical,OPTIMAL,True,2,322.36988415890556,0.08516403666643795
LOG_A1_A2,categorical,OPTIMAL,True,3,290.1954264959983,0.021077052750958638
LOG_A2_A3,categorical,OPTIMAL,True,4,347.89059570220667,0.008351916246089018
IND_Y1_Y2,categorical,OPTIMAL,True,1,250.6049016741623,0.03742580315942295
IND_Y2_Y3,categorical,OPTIMAL,True,1,250.6049016741623,0.03742580315942295
IND_Y3_Y4,categorical,OPTIMAL,True,2,259.0614281674589,0.03725878725435845
IND_Y4_Y5,categorical,OPTIMAL,True,1,250.6049016741623,0.03742580315942295
IND_Y5_Y6,categorical,OPTIMAL,True,3,452.2496612061639,0.038602908940004184
IND_Y6_Y7,categorical,OPTIMAL,True,2,268.0078659397172,0.13512962711967452
IND_Y7_Y8,categorical,OPTIMAL,True,2,363.8116494750906,0.08749621814821976
IND_Y8_Y9,categorical,OPTIMAL,True,3,346.00766171960964,0.10466474090504174
DISTANCE_1,categorical,OPTIMAL,True,3,632.3832260687569,0.04653872256333473
DISTANCE_2,categorical,OPTIMAL,True,1,386.1249652792355,0.38724640705216357
ALTITUDE_1,categorical,OPTIMAL,True,4,718.5058042123243,0.048482535721354116
ALTITUDE_2,categorical,OPTIMAL,True,3,432.3036046045143,0.02456081536016731
ALTITUDE_3,categorical,OPTIMAL,True,3,442.6437812021407,0.09258869769689711
ALTITUDE_4,categorical,OPTIMAL,True,4,427.3835611889448,0.000280188623875331
ALTITUDE_5,categorical,OPTIMAL,True,3,328.4163344570798,0.015664051643008377
NBJTX25_MM_A,categorical,OPTIMAL,True,4,702.0692250259788,0.030821768974234942
NBJTX25_MMAX_A,categorical,OPTIMAL,True,4,709.4552349517348,0.10182238900343249
NBJTX25_MSOM_A,categorical,OPTIMAL,True,4,702.0692250259788,0.030821768974234942
NBJTX0_MM_A,categorical,OPTIMAL,True,3,836.1496229863217,0.25673122389731345
NBJTX0_MMAX_A,categorical,OPTIMAL,True,4,876.4849786929556,0.045775081645903444
NBJTX0_MSOM_A,categorical,OPTIMAL,True,3,836.1496229863217,0.25673122389731345
NBJTXI27_MM_A,categorical,OPTIMAL,True,4,677.088864575571,0.0006785597050993791
NBJTXI27_MMAX_A,categorical,OPTIMAL,True,3,648.1746814475216,0.089023605704967
NBJTXI27_MSOM_A,categorical,OPTIMAL,True,4,677.088864575571,0.0006785597050993791
NBJTXS32_MM_A,categorical,OPTIMAL,True,4,643.1498447179915,0.004428338853387183
NBJTXS32_MMAX_A,categorical,OPTIMAL,True,4,623.5328169769797,0.038445048065929854
NBJTXS32_MSOM_A,categorical,OPTIMAL,True,4,643.1498447179915,0.004428338853387183
NBJTXI20_MM_A,categorical,OPTIMAL,True,4,709.4102261982492,0.0012014135870617843
NBJTXI20_MMAX_A,categorical,OPTIMAL,True,2,510.70784544902637,0.4254517054991047
NBJTXI20_MSOM_A,categorical,OPTIMAL,True,4,709.4102261982492,0.0012014135870617843
NBJTX30_MM_A,categorical,OPTIMAL,True,4,614.154468330941,0.05908814234747097
NBJTX30_MMAX_A,categorical,OPTIMAL,True,4,623.7222855294315,0.04939840489858473
NBJTX30_MSOM_A,categorical,OPTIMAL,True,4,614.154468330941,0.05908814234747097
NBJTX35_MM_A,categorical,OPTIMAL,True,4,692.2107257455166,0.0003036383857877014
NBJTX35_MMAX_A,categorical,OPTIMAL,True,4,660.1946089879418,0.005790010302091789
NBJTX35_MSOM_A,categorical,OPTIMAL,True,4,692.2107257455166,0.0003036383857877014
NBJTN10_MM_A,categorical,OPTIMAL,True,3,860.4689468416038,0.3821980806199184
NBJTN10_MMAX_A,categorical,OPTIMAL,True,3,787.830369332971,0.38738274386182
NBJTN10_MSOM_A,categorical,OPTIMAL,True,3,860.4689468416038,0.3821980806199184
NBJTNI10_MM_A,categorical,OPTIMAL,True,4,655.3589108134108,0.01596429504891069
NBJTNI10_MMAX_A,categorical,OPTIMAL,True,3,530.7455302426504,0.2013964070458115
NBJTNI10_MSOM_A,categorical,OPTIMAL,True,4,655.3589108134108,0.01596429504891069
NBJTN5_MM_A,categorical,OPTIMAL,True,3,820.9998591383819,0.40880946818032937
NBJTN5_MMAX_A,categorical,OPTIMAL,True,4,835.5178861871509,0.07229753306484056
NBJTN5_MSOM_A,categorical,OPTIMAL,True,3,820.9998591383819,0.40880946818032937
NBJTNS25_MM_A,categorical,OPTIMAL,True,2,527.6017916185451,0.379489484404675
NBJTNS25_MMAX_A,categorical,OPTIMAL,True,3,614.7137606414749,0.10534898124390028
NBJTNS25_MSOM_A,categorical,OPTIMAL,True,2,527.6017916185451,0.379489484404675
NBJTNI15_MM_A,categorical,OPTIMAL,True,3,571.7743633932471,0.11311463720229227
NBJTNI15_MMAX_A,categorical,OPTIMAL,True,3,620.3275568609811,0.0031945402004135513
NBJTNI15_MSOM_A,categorical,OPTIMAL,True,3,571.7743633932471,0.11311463720229227
NBJTNI20_MM_A,categorical,OPTIMAL,True,2,455.643019966805,0.409705405031713
NBJTNI20_MMAX_A,categorical,OPTIMAL,True,2,486.8558057077146,0.2307383360911013
NBJTNI20_MSOM_A,categorical,OPTIMAL,True,2,455.643019966805,0.409705405031713
NBJTNS20_MM_A,categorical,OPTIMAL,True,3,530.4821568324408,0.18420393844677227
NBJTNS20_MMAX_A,categorical,OPTIMAL,True,3,550.9082764169124,0.06180348790070803
NBJTNS20_MSOM_A,categorical,OPTIMAL,True,3,530.4821568324408,0.18420393844677227
NBJTMS24_MM_A,categorical,OPTIMAL,True,3,600.4921787838267,0.055773377715892
NBJTMS24_MMAX_A,categorical,OPTIMAL,True,3,610.5975455089457,0.02764061867002596
NBJTMS24_MSOM_A,categorical,OPTIMAL,True,3,600.4921787838267,0.055773377715892
TAMPLIAB_VOR_MM_A,categorical,OPTIMAL,True,3,574.7452096005804,0.12029010492667506
TAMPLIAB_VOR_MMAX_A,categorical,OPTIMAL,True,3,593.6105042594885,0.021767476125806408
TAMPLIM_VOR_MM_A,categorical,OPTIMAL,True,3,593.7339089110966,0.03857822535335815
TAMPLIM_VOR_MMAX_A,categorical,OPTIMAL,True,3,647.8220318790939,0.15817304500197127
TM_VOR_MM_A,categorical,OPTIMAL,True,3,690.0648392238352,0.4457952489162382
TM_VOR_MMAX_A,categorical,OPTIMAL,True,3,571.1323351059242,0.025734163843845238
TMM_VOR_MM_A,categorical,OPTIMAL,True,4,716.9441348418189,6.604766004447372e-05
TMM_VOR_MMAX_A,categorical,OPTIMAL,True,4,676.4812762997217,0.0023861723037681
TMMAX_VOR_MM_A,categorical,OPTIMAL,True,3,592.323892245343,0.3711655979123405
TMMAX_VOR_MMAX_A,categorical,OPTIMAL,True,3,619.3354872321913,0.05119106001324183
TMMIN_VOR_MM_A,categorical,OPTIMAL,True,4,691.5948604274394,0.032375943077348986
TMMIN_VOR_MMAX_A,categorical,OPTIMAL,True,3,580.2129918856928,0.3636495838618801
TN_VOR_MM_A,categorical,OPTIMAL,True,4,630.9103671362092,0.040259007945818395
TN_VOR_MMAX_A,categorical,OPTIMAL,True,3,577.1104804916479,0.13767594216935872
TNAB_VOR_MM_A,categorical,OPTIMAL,True,4,730.9423497252482,0.01672239827225907
TNAB_VOR_MMAX_A,categorical,OPTIMAL,True,4,718.527175391937,0.0660688070187269
TNMAX_VOR_MM_A,categorical,OPTIMAL,True,3,692.5079667529105,0.2809110400576243
TNMAX_VOR_MMAX_A,categorical,OPTIMAL,True,3,622.689394300141,0.1677711581425782
TX_VOR_MM_A,categorical,OPTIMAL,True,3,587.2980145165832,0.2921684847866179
TX_VOR_MMAX_A,categorical,OPTIMAL,True,3,599.8723858644096,0.02150108011559338
TXAB_VOR_MM_A,categorical,OPTIMAL,True,3,579.4174199636793,0.3102964654534318
TXAB_VOR_MMAX_A,categorical,OPTIMAL,True,3,609.727042130343,0.03319375803246916
TXMIN_VOR_MM_A,categorical,OPTIMAL,True,4,624.2882481290401,0.002246811389191831
TXMIN_VOR_MMAX_A,categorical,OPTIMAL,True,3,565.2501037153121,0.38789191255246463
NBJFF10_MM_A,categorical,OPTIMAL,True,4,739.0660102716046,0.03164998047901988
NBJFF10_MMAX_A,categorical,OPTIMAL,True,4,744.5490938370785,0.009713241905758795
NBJFF10_MSOM_A,categorical,OPTIMAL,True,4,739.0660102716046,0.03164998047901988
NBJFF16_MM_A,categorical,OPTIMAL,True,4,619.1481928880851,0.024623460604654496
NBJFF16_MMAX_A,categorical,OPTIMAL,True,4,683.9339264701074,0.0005383396101054848
NBJFF16_MSOM_A,categorical,OPTIMAL,True,4,619.1481928880851,0.024623460604654496
NBJFF28_MM_A,categorical,OPTIMAL,True,3,613.3861307251692,0.30581476774214134
NBJFF28_MMAX_A,categorical,OPTIMAL,True,3,537.3278284055533,0.049922544387766596
NBJFF28_MSOM_A,categorical,OPTIMAL,True,3,613.3861307251692,0.30581476774214134
NBJFXI3S10_MM_A,categorical,OPTIMAL,True,4,722.4165696812705,0.10346561884654756
NBJFXI3S10_MMAX_A,categorical,OPTIMAL,True,4,749.4261528754886,0.0198245891185459
NBJFXI3S10_MSOM_A,categorical,OPTIMAL,True,4,722.4165696812705,0.10346561884654756
NBJFXI3S16_MM_A,categorical,OPTIMAL,True,4,643.1001281966387,0.00020869315122108137
NBJFXI3S16_MMAX_A,categorical,OPTIMAL,True,4,737.5764449007279,0.005831433051956026
NBJFXI3S16_MSOM_A,categorical,OPTIMAL,True,4,643.1001281966387,0.00020869315122108137
NBJFXI3S28_MM_A,categorical,OPTIMAL,True,4,660.7160035604002,0.13216512859666893
NBJFXI3S28_MMAX_A,categorical,OPTIMAL,True,3,532.1472043406634,0.058980210700152386
NBJFXI3S28_MSOM_A,categorical,OPTIMAL,True,4,660.7160035604002,0.13216512859666893
NBJFXY8_MM_A,categorical,OPTIMAL,True,4,699.803484003317,0.007794128169391381
NBJFXY8_MMAX_A,categorical,OPTIMAL,True,4,755.0297697151917,0.02772380499460527
NBJFXY8_MSOM_A,categorical,OPTIMAL,True,4,699.803484003317,0.007794128169391381
NBJFXY10_MM_A,categorical,OPTIMAL,True,4,703.526329139283,0.04238804789788575
NBJFXY10_MMAX_A,categorical,OPTIMAL,True,4,718.0188673696576,0.018589861701344943
NBJFXY10_MSOM_A,categorical,OPTIMAL,True,4,703.526329139283,0.04238804789788575
NBJFXY15_MM_A,categorical,OPTIMAL,True,3,512.2360658429939,0.2205751481877945
NBJFXY15_MMAX_A,categorical,OPTIMAL,True,3,522.9551861334119,0.24173410979248486
NBJFXY15_MSOM_A,categorical,OPTIMAL,True,3,512.2360658429939,0.2205751481877945
FFM_VOR_MM_A,categorical,OPTIMAL,True,3,604.5763885407903,0.18659578228758938
FFM_VOR_MMAX_A,categorical,OPTIMAL,True,3,613.1890021397627,0.07115518779691775
FXI3SAB_VOR_MM_A,categorical,OPTIMAL,True,3,575.8932761877618,0.18631460000559782
FXI3SAB_VOR_MMAX_A,categorical,OPTIMAL,True,3,573.9028612236644,0.06754662877635081
FXIAB_VOR_MM_A,categorical,OPTIMAL,True,3,571.7056373852047,0.0360846751474237
FXIAB_VOR_MMAX_A,categorical,OPTIMAL,True,3,551.2224934876435,0.31751874885240355
FXYAB_VOR_MM_A,categorical,OPTIMAL,True,3,583.4870978476456,0.2612178054793577
FXYAB_VOR_MMAX_A,categorical,OPTIMAL,True,3,601.5834020885579,0.3066213831806951
FFM_VOR_COM_MM_A_Y,categorical,OPTIMAL,True,4,356.03643867061396,0.023329977112256123
FFM_VOR_COM_MMAX_A_Y,categorical,OPTIMAL,True,4,365.1574474390583,0.00028791737734011597
FXI3SAB_VOR_COM_MM_A_Y,categorical,OPTIMAL,True,2,262.16938226703155,0.05971293717629773
FXI3SAB_VOR_COM_MMAX_A_Y,categorical,OPTIMAL,True,2,262.22983116545146,0.05995312676123859
NBJRR50_MM_A,categorical,OPTIMAL,True,3,636.6223044840038,0.17599475330479977
NBJRR50_MMAX_A,categorical,OPTIMAL,True,4,685.2739990995025,0.02805099877669615
NBJRR50_MSOM_A,categorical,OPTIMAL,True,3,636.6223044840038,0.17599475330479977
NBJRR1_MM_A,categorical,OPTIMAL,True,4,597.642835902544,0.0005430887385530652
NBJRR1_MMAX_A,categorical,OPTIMAL,True,4,624.6545631732818,0.027857754076081084
NBJRR1_MSOM_A,categorical,OPTIMAL,True,4,597.642835902544,0.0005430887385530652
NBJRR5_MM_A,categorical,OPTIMAL,True,4,718.4565241328048,0.000842014985286911
NBJRR5_MMAX_A,categorical,OPTIMAL,True,4,786.6027880161483,0.050665694947546955
NBJRR5_MSOM_A,categorical,OPTIMAL,True,4,718.4565241328048,0.000842014985286911
NBJRR10_MM_A,categorical,OPTIMAL,True,4,893.3149857100941,0.17902417326372264
NBJRR10_MMAX_A,categorical,OPTIMAL,True,4,846.0631633596961,0.02621615290791965
NBJRR10_MSOM_A,categorical,OPTIMAL,True,4,893.3149857100941,0.17902417326372264
NBJRR30_MM_A,categorical,OPTIMAL,True,4,766.4051799584865,0.0004209426912854695
NBJRR30_MMAX_A,categorical,OPTIMAL,True,3,689.5617103452423,0.47830109163514145
NBJRR30_MSOM_A,categorical,OPTIMAL,True,4,766.4051799584865,0.0004209426912854695
NBJRR100_MM_A,categorical,OPTIMAL,True,2,503.89509320836464,0.44402164680640027
NBJRR100_MMAX_A,categorical,OPTIMAL,True,2,427.7397766108728,0.4092422989457843
NBJRR100_MSOM_A,categorical,OPTIMAL,True,2,503.89509320836464,0.44402164680640027
RR_VOR_MM_A,categorical,OPTIMAL,True,4,846.6873351374811,0.03293456782412484
RR_VOR_MMAX_A,categorical,OPTIMAL,True,4,767.43610757271,0.00982216348873564
RRAB_VOR_MM_A,categorical,OPTIMAL,True,3,650.7659849129924,0.16363584143967055
RRAB_VOR_MMAX_A,categorical,OPTIMAL,True,3,583.5312894707355,0.12555552855002888
TAILLE1,categorical,OPTIMAL,True,5,2464.9739152458374,0.3116611005261543
TAILLE2,categorical,OPTIMAL,True,5,1723.2542561398022,0.6380066484683137
CARACT4,categorical,OPTIMAL,True,3,1019.2193852993818,0.07324127946616919
SURFACE4,categorical,OPTIMAL,True,5,2428.873684089608,0.07974873040030991
SURFACE6,categorical,OPTIMAL,True,5,2428.7808988342917,0.07973929314342891
total_surface_2023,categorical,OPTIMAL,True,5,515.4439840391644,0.006653130519236342
total_surface_5y,categorical,OPTIMAL,True,5,508.239518527673,0.0023241812872905176
surface_over_forest,categorical,OPTIMAL,True,4,427.29077973793596,0.0017168767011593784
fire_extinction_rates,categorical,OPTIMAL,True,5,530.2811510980059,0.04269480318287171
ANCIENNETE,numerical,OPTIMAL,True,5,598.1022840622365,0.09860512929610141
CARACT2,numerical,OPTIMAL,True,1,366.50909026235854,0.05761335871979676
DUREE_REQANEUF,numerical,OPTIMAL,True,3,249.56325471694646,0.004212351471720143
CARACT5,numerical,OPTIMAL,True,2,657.2388424195276,0.08828176291918712
TYPBAT2,numerical,OPTIMAL,True,3,572.2278520749686,0.5645829016297796
DEROG1,numerical,OPTIMAL,True,1,365.57720053135563,0.0
DEROG6,numerical,OPTIMAL,True,1,365.57720053135563,0.0
DEROG7,numerical,OPTIMAL,True,1,365.57720053135563,0.0
DEROG9,numerical,OPTIMAL,True,1,365.57720053135563,0.0
DEROG10,numerical,OPTIMAL,True,1,365.57720053135563,0.0
DEROG11,numerical,OPTIMAL,True,1,365.57720053135563,0.0
DEROG15,numerical,OPTIMAL,True,1,365.57720053135563,0.0
CA1,numerical,OPTIMAL,True,3,542.3913823050049,0.015181185542609112
CA2,numerical,OPTIMAL,True,1,365.6081780151379,0.0002541428507014432
CA3,numerical,OPTIMAL,True,1,366.80545705708994,0.057433994586992186
KAPITAL1,numerical,OPTIMAL,True,2,400.0346597312696,0.010876988846768151
KAPITAL2,numerical,OPTIMAL,True,1,365.57720053135563,0.0
KAPITAL3,numerical,OPTIMAL,True,2,669.0880600183823,0.08664452724828711
KAPITAL4,numerical,OPTIMAL,True,1,365.57720053135563,0.0
KAPITAL5,numerical,OPTIMAL,True,1,365.57720053135563,0.0
KAPITAL6,numerical,OPTIMAL,True,2,572.044230516641,0.4438914918707144
KAPITAL7,numerical,OPTIMAL,True,2,532.8187831377624,0.24471013048876838
KAPITAL8,numerical,OPTIMAL,True,2,537.5578107930144,0.07224218679873012
KAPITAL9,numerical,OPTIMAL,True,2,582.6382166011246,0.16160169924683368
KAPITAL10,numerical,OPTIMAL,True,5,1437.7523976631164,0.004060643602073001
KAPITAL11,numerical,OPTIMAL,True,5,1332.4374009659123,0.006502631337043281
KAPITAL12,numerical,OPTIMAL,True,5,1485.7934080309901,0.1256614630938944
KAPITAL13,numerical,OPTIMAL,True,2,400.0346597312696,0.010876988846768151
KAPITAL14,numerical,OPTIMAL,True,2,591.6753088388648,0.28225295634686765
KAPITAL15,numerical,OPTIMAL,True,1,336.48015996816537,0.002242267805813966
KAPITAL16,numerical,OPTIMAL,True,1,264.9119574385834,0.0038387494982875456
KAPITAL17,numerical,OPTIMAL,True,1,860.595287869346,0.0053695153318061226
KAPITAL18,numerical,OPTIMAL,True,1,228.00243601405853,8.140724598834444e-05
KAPITAL19,numerical,OPTIMAL,True,1,1080.9560835573777,0.007199999846207121
KAPITAL20,numerical,OPTIMAL,True,1,310.23377774294323,0.0008547788020911228
KAPITAL21,numerical,OPTIMAL,True,5,1580.680861744394,0.053104054409289565
KAPITAL22,numerical,OPTIMAL,True,1,245.70757697429406,0.0051615953240318835
KAPITAL23,numerical,OPTIMAL,True,4,737.3623057432931,0.08547348044828977
KAPITAL24,numerical,OPTIMAL,True,3,1195.8014266539665,0.1395009775545719
KAPITAL25,numerical,OPTIMAL,True,5,641.6535951419029,0.13710056146167046
KAPITAL26,numerical,OPTIMAL,True,2,650.2984323835823,0.04953752368311816
KAPITAL27,numerical,OPTIMAL,True,3,729.8344677876771,0.16333215304030535
KAPITAL28,numerical,OPTIMAL,True,2,565.0973046441734,0.052584559721602184
KAPITAL29,numerical,OPTIMAL,True,1,265.59337362866444,0.009236113757524523
KAPITAL30,numerical,OPTIMAL,True,1,265.59337362866444,0.009236113757524523
KAPITAL31,numerical,OPTIMAL,True,1,365.5789874085272,1.466325827299089e-05
KAPITAL32,numerical,OPTIMAL,True,5,1523.8761981141065,0.65880913275303
KAPITAL33,numerical,OPTIMAL,True,2,414.1510614038746,0.04182447036929854
KAPITAL36,numerical,OPTIMAL,True,1,365.57720053135563,0.0
KAPITAL38,numerical,OPTIMAL,True,1,365.57720053135563,0.0
KAPITAL39,numerical,OPTIMAL,True,1,365.57720053135563,0.0
SURFACE1,numerical,OPTIMAL,True,5,2311.099057841465,0.15188989058117766
SURFACE2,numerical,OPTIMAL,True,5,2311.193851857111,0.1519071232345511
SURFACE3,numerical,OPTIMAL,True,5,1900.2882169291524,0.0706787085302163
SURFACE5,numerical,OPTIMAL,True,3,475.3287816777755,0.19023195878636756
SURFACE7,numerical,OPTIMAL,True,4,858.9027853779164,0.30758316725739826
SURFACE8,numerical,OPTIMAL,True,3,760.0123035357778,0.28227163582428
SURFACE9,numerical,OPTIMAL,True,2,301.93620719961166,0.032467323468463684
SURFACE10,numerical,OPTIMAL,True,5,1135.253565339313,0.35418905311017596
SURFACE11,numerical,OPTIMAL,True,5,1699.8858924882868,0.09419785551713444
SURFACE12,numerical,OPTIMAL,True,2,401.23791250277895,0.012827325859927066
SURFACE13,numerical,OPTIMAL,True,2,431.4519596379791,0.07228962440204904
SURFACE14,numerical,OPTIMAL,True,1,365.57720053135563,0.0
SURFACE15,numerical,OPTIMAL,True,1,365.57720053135563,0.0
SURFACE16,numerical,OPTIMAL,True,3,691.2297181700588,0.07390978539435039
SURFACE17,numerical,OPTIMAL,True,3,1145.4823085209393,0.3064532396772626
SURFACE18,numerical,OPTIMAL,True,5,428.38487740714476,0.05263130314672022
SURFACE19,numerical,OPTIMAL,True,2,295.0263290913192,0.19505351697450793
SURFACE20,numerical,OPTIMAL,True,1,365.57720053135563,0.0
SURFACE21,numerical,OPTIMAL,True,2,413.4659952157857,0.065541797216505
NBBAT1,numerical,OPTIMAL,True,5,1530.6525952828629,0.021048453981577665
NBBAT2,numerical,OPTIMAL,True,3,876.914998441812,0.10280160546031913
NBBAT3,numerical,OPTIMAL,True,1,365.57720053135563,0.0
NBBAT4,numerical,OPTIMAL,True,5,1531.6709674990443,0.021047700472492818
NBBAT5,numerical,OPTIMAL,True,1,365.57720053135563,0.0
NBBAT6,numerical,OPTIMAL,True,2,558.4891789032765,0.03369304992334894
NBBAT7,numerical,OPTIMAL,True,1,365.57720053135563,0.0
NBBAT8,numerical,OPTIMAL,True,2,740.8189696851701,0.096402636589335
NBBAT9,numerical,OPTIMAL,True,5,765.0728773807399,8.039801608958776e-05
NBBAT10,numerical,OPTIMAL,True,3,876.914998441812,0.10280160546031913
NBBAT11,numerical,OPTIMAL,True,1,365.57720053135563,0.0
NBBAT13,numerical,OPTIMAL,True,5,1332.481986481531,0.0011387822715397497
NBBAT14,numerical,OPTIMAL,True,2,501.99207179714915,0.06712111888914321
TAILLE3,numerical,OPTIMAL,True,2,511.0228583848282,0.257481458292726
TAILLE4,numerical,OPTIMAL,True,2,476.1740528357493,0.04501003707089569
NBSINCONJ,numerical,OPTIMAL,True,2,578.7235279947917,0.223606976503795
NBSINSTRT,numerical,OPTIMAL,True,4,1083.0581423867206,0.09455911156825479
RISK1,numerical,OPTIMAL,True,4,484.56333413615175,0.20150650149036847
RISK2,numerical,OPTIMAL,True,5,804.7236492014118,0.0350434683744476
RISK3,numerical,OPTIMAL,True,5,857.3680005319071,0.2843482252461433
RISK4,numerical,OPTIMAL,True,5,515.8111173869008,0.2032810128277021
RISK5,numerical,OPTIMAL,True,5,520.1843467069873,0.009320840852650999
RISK7,numerical,OPTIMAL,True,5,433.46458818696374,0.002839264971650168
EQUIPEMENT1,numerical,OPTIMAL,True,2,493.36114729991687,0.1138005689300236
EQUIPEMENT3,numerical,OPTIMAL,True,2,386.40583547117603,0.006227571742833722
EQUIPEMENT4,numerical,OPTIMAL,True,2,394.7193573038892,0.0717182173456923
EQUIPEMENT6,numerical,OPTIMAL,True,5,1363.737680815584,0.017389682055215117
EQUIPEMENT7,numerical,OPTIMAL,True,5,1363.737680815584,0.017389682055215117
ZONE_VENT,numerical,OPTIMAL,True,3,334.8793205926997,0.238942945961292
CA_TOT,numerical,OPTIMAL,True,3,496.467419542191,0.0702981928116006
CA_MEAN,numerical,OPTIMAL,True,3,508.65582843011623,0.07959510580055162
CA1_CA_TOT,numerical,OPTIMAL,True,1,306.738409969289,0.08119187021056733
CA1_CA_MEAN,numerical,OPTIMAL,True,1,306.738409969289,0.08119187021056733
CA2_CA_TOT,numerical,OPTIMAL,True,1,365.6081780151379,0.0002541428507014432
CA2_CA_MEAN,numerical,OPTIMAL,True,1,365.6081780151379,0.0002541428507014432
CA3_CA_TOT,numerical,OPTIMAL,True,1,366.80545705708994,0.057433994586992186
CA3_CA_MEAN,numerical,OPTIMAL,True,1,366.80545705708994,0.057433994586992186
Unknown,numerical,OPTIMAL,True,5,563.7572182509582,0.21414298181012592
Involontaire (travaux),numerical,OPTIMAL,True,5,521.1688845181106,0.07215238517342047
Involontaire (particulier),numerical,OPTIMAL,True,5,458.0784843918748,0.0743334690172918
Accidentelle,numerical,OPTIMAL,True,5,480.3065861172838,0.013412033943265842
Malveillance,numerical,OPTIMAL,True,5,509.4136092924761,0.07137269676384013
Naturelle,numerical,OPTIMAL,True,5,487.3272152746503,0.00012711204132802
KAPITAL_SUM,numerical,OPTIMAL,True,5,1845.8581296513732,0.08868883070382369
KAPITAL_MAX,numerical,OPTIMAL,True,5,1686.3169462672608,0.394615688942842
