name,dtype,status,selected,n_bins,iv,js,gini,quality_score
ACTIVIT2,categorical,OPTIMAL,True,5,0.09469642875506412,0.011340122283916062,0.11666760413248012,0.07889964653331472
VOCATION,categorical,OPTIMAL,True,5,0.422430141903542,0.049674632192111504,0.26178209155305343,0.07010069708490037
ADOSS,categorical,OPTIMAL,True,1,0.0,0.0,0,0.0
CARACT1,categorical,OPTIMAL,True,3,0.027133692099913592,0.002964038658715796,0.025052940648893185,0.00967565933861443
CARACT3,categorical,OPTIMAL,True,1,0.005914902133793538,0.0007359210980975289,0.016396784649545304,0.002846147745116249
INDEM1,categorical,OPTIMAL,True,2,0.0022617769880039873,0.00028225716887258535,0.010507013231810691,0.0010855962891228824
TYPBAT1,categorical,OPTIMAL,True,2,0.03517891185274182,0.004344532718012399,0.057225214890274656,0.02285812863567852
INDEM2,categorical,OPTIMAL,True,5,0.08581602245224249,0.010556734054545299,0.13079915680555354,0.010009922547647706
FRCH1,categorical,OPTIMAL,True,2,9.729920677646954e-05,1.2160956381179647e-05,0.0017356392706797674,1.1318520856070343e-05
FRCH2,categorical,OPTIMAL,True,4,0.013991109481328912,0.0017434275494761118,0.05646706853932815,0.003513148287491458
DEROG2,categorical,OPTIMAL,True,2,0.008475775477446422,0.0010514797488014845,0.018574674081361375,0.0030942463102959024
DEROG3,categorical,OPTIMAL,True,2,0.021386830553554854,0.0024874590333810475,0.01557295643474177,0.004846917375471651
DEROG4,categorical,OPTIMAL,True,2,0.04817897574954495,0.00591557058780642,0.06321274090897289,0.03170692078790874
DEROG5,categorical,OPTIMAL,True,2,0.035216209561882504,0.004322929254773225,0.04759821829703281,0.01793208924144587
DEROG8,categorical,OPTIMAL,True,2,0.023076532806659347,0.002660626920341643,0.01583049073229581,0.005171048496548428
DEROG12,categorical,OPTIMAL,True,1,8.753946128191883e-07,1.0942428988996024e-07,0.00026790130788278965,8.958501594063599e-07
KAPITAL34,categorical,OPTIMAL,True,2,0.00019818459466302277,2.47680060759557e-05,0.0026708854971736473,3.68223566720493e-05
KAPITAL35,categorical,OPTIMAL,True,2,0.010164926948362041,0.001255095889757668,0.01774410023119033,0.002650957294628246
KAPITAL37,categorical,OPTIMAL,True,2,0.05949897313699627,0.0072298524358066895,0.06364144992704013,0.029061382972903574
KAPITAL40,categorical,OPTIMAL,True,2,0.28043888132885625,0.03462003148563888,0.2599603935481217,0.5928286307723284
KAPITAL41,categorical,OPTIMAL,True,2,0.1565108599282391,0.019259756795164555,0.16900732840324295,0.22482936172908352
KAPITAL42,categorical,OPTIMAL,True,2,0.08296527816640956,0.009983850929468263,0.07601866442175953,0.03805463084493301
KAPITAL43,categorical,OPTIMAL,True,2,0.07103340404138542,0.008740759037457801,0.09195536874637678,0.06862216758210497
RISK6,categorical,OPTIMAL,True,2,0.022442667504091716,0.0027984531470464915,0.07574528841863326,0.0692906243911371
RISK8,categorical,OPTIMAL,True,2,0.015389327095198227,0.0019177697534921434,0.057267403667255246,0.04336936126243265
RISK9,categorical,OPTIMAL,True,3,0.02493042871406942,0.0030965620050517795,0.058714425306029217,0.036046716571302324
RISK10,categorical,OPTIMAL,True,3,0.15067656876403226,0.018646423500113373,0.21366881592240738,0.5337162522302421
RISK11,categorical,OPTIMAL,True,3,0.14273325705978757,0.017689173357747136,0.19844481299098238,0.45118014146713753
RISK12,categorical,OPTIMAL,True,3,0.024993047599512028,0.003107706080524413,0.060011300652596744,0.03182998663533834
RISK13,categorical,OPTIMAL,True,3,0.23135020602506395,0.02841704415402004,0.2306578329292288,0.08246612773372229
EQUIPEMENT2,categorical,OPTIMAL,True,3,0.05075546649190363,0.006319768918641421,0.12411654076269929,0.1850775184684295
EQUIPEMENT5,categorical,OPTIMAL,True,1,0.01907708909873196,0.0023825773802818584,0.06827821917304844,0.05687224412121905
ESPINSEE,categorical,OPTIMAL,True,3,0.019829457876392873,0.0024760510720540554,0.07237717321329717,0.011430686004100077
AN_EXERC,categorical,OPTIMAL,True,5,0.05696389067463416,0.007083923548792101,0.13126257053293366,0.18804438062344395
ZONE,categorical,OPTIMAL,True,5,0.1488795582202556,0.01836676254259716,0.212491029274254,0.5160693429261258
ZONE_REGION,categorical,OPTIMAL,True,5,0.02355730186136193,0.0029365989533133323,0.08318149955976162,0.05111865420983739
LOG_AVA1_num,categorical,OPTIMAL,True,5,0.005957971850693178,0.0007438520783131606,0.03446001151075995,0.0016898965040097812
LOG_A1_A2_num,categorical,OPTIMAL,True,3,0.001447075725479269,0.00018079175931020415,0.013014840328630983,0.0004664304561922604
LOG_A2_A3_num,categorical,OPTIMAL,True,4,0.005669546366338095,0.000707809872445096,0.033786786483093634,0.004233975820837001
LOG_APA3_num,categorical,OPTIMAL,True,5,0.007989081424741449,0.0009973608206994928,0.04600014622890081,0.0016340112865083935
LOG_INC_num,categorical,OPTIMAL,True,1,0.000850206320886239,0.00010621025447481538,0.00645242787217315,0.0004905665446203307
LOG_SOC_num,categorical,OPTIMAL,True,3,0.00467857412464287,0.000582436015291124,0.018793430226065277,0.0020066149947203854
LOG_TOT,categorical,OPTIMAL,True,5,0.005588776300458467,0.0006978105452177822,0.03677583333931134,0.0013987200220812496
LOG_AVA1_num_LOG_TOT,categorical,OPTIMAL,True,5,0.028978680980516775,0.0035999189629426103,0.08602446069703007,0.09149716175332964
LOG_A1_A2_num_LOG_TOT,categorical,OPTIMAL,True,5,0.01355022142528158,0.0016844297574417542,0.05157452018016506,0.022108627876853335
LOG_A2_A3_num_LOG_TOT,categorical,OPTIMAL,True,5,0.017980196721075828,0.002228409338500639,0.059685711533359,0.04804032758051657
LOG_APA3_num_LOG_TOT,categorical,OPTIMAL,True,5,0.029665553522842773,0.003684942749229263,0.08794379747040793,0.09776961866362911
LOG_INC_num_LOG_TOT,categorical,OPTIMAL,True,5,0.005588776300458467,0.0006978105452177822,0.03677583333931134,0.0013987200220812496
LOG_SOC_num_LOG_TOT,categorical,OPTIMAL,True,5,0.017042165300655863,0.002110879357058506,0.052391786161087195,0.02890206302082742
LOG_VETUSTE,categorical,OPTIMAL,True,5,0.12487956065954577,0.01312534821513554,0.13801078639161168,0.3789611597020423
LOG_REGION,categorical,OPTIMAL,True,5,0.08551735518789545,0.01043359932610363,0.14620405795383362,0.29867294086374
LOG_VETUSTE_REGION,categorical,OPTIMAL,True,5,1.0014353929258129,0.09297433060852794,0.4104854709575856,0.15045070547605144
MEN_PAUV_num,categorical,OPTIMAL,True,2,0.0017140236330659936,0.0002141484247549434,0.015032943628716877,0.0021466679541068553
MEN_1IND_num,categorical,OPTIMAL,True,4,0.007374882803089174,0.0009212919859731245,0.045127356252404716,0.0015321270309050854
MEN_5IND_num,categorical,OPTIMAL,True,2,0.002427760942113765,0.00030314892930328585,0.014105366480161807,0.0020174765493531665
MEN_PROP_num,categorical,OPTIMAL,True,4,0.006807655826604166,0.0008503949819705502,0.042150529726798,0.002762706064467389
MEN_FMP_num,categorical,OPTIMAL,True,2,0.0010005156332364973,0.000124998713258817,0.011693358615989746,0.0011145411362928396
MEN_COLL_num,categorical,OPTIMAL,True,5,0.004616150322488524,0.0005766367210135611,0.03283620370950713,4.9073524184923484e-05
MEN_MAIS_num,categorical,OPTIMAL,True,5,0.004878741400774582,0.0006094206435830621,0.03447218679539188,5.243066637309339e-05
MEN_num,categorical,OPTIMAL,True,1,0.000850206320886239,0.00010621025447481538,0.00645242787217315,0.0004905665446203307
MEN_TOT,categorical,OPTIMAL,True,5,0.018797434305260454,0.0023435012458741106,0.07298196052845762,0.05060281087438745
MEN_PAUV_MEN_TOT,categorical,OPTIMAL,True,5,0.03743123721990726,0.0046053233899743485,0.0879396484139775,0.12191521068957843
MEN_PAUV_MEN,categorical,OPTIMAL,True,3,0.0023000228042004377,0.00028733251714430644,0.018563702167884832,0.0007069691722043546
MEN_1IND_MEN_TOT,categorical,OPTIMAL,True,5,0.0455295289564938,0.0056281072706633635,0.10202308232868107,0.14585929306299017
MEN_1IND_MEN,categorical,OPTIMAL,True,4,0.008409285008064288,0.0010503216633627067,0.04818957708407179,0.006931984226182834
MEN_5IND_MEN_TOT,categorical,OPTIMAL,True,5,0.027426660374810303,0.003401923117671765,0.08118132455935045,0.08422706494994747
MEN_5IND_MEN,categorical,OPTIMAL,True,2,0.00293916733205738,0.00036695478559532367,0.016026316864861778,0.0027003580945495127
MEN_PROP_MEN_TOT,categorical,OPTIMAL,True,5,0.04840465330098978,0.005935144260205882,0.100496781375507,0.1542925048377603
MEN_PROP_MEN,categorical,OPTIMAL,True,5,0.0072986872765287815,0.0009115395953876476,0.04355237507490728,0.00021960034389494537
MEN_FMP_MEN_TOT,categorical,OPTIMAL,True,5,0.022696665673255248,0.0028251703156648555,0.07759680364414767,0.06945791435292438
MEN_FMP_MEN,categorical,OPTIMAL,True,2,0.0010184979049209526,0.00012724645927131794,0.011997171221911018,0.001193132419295842
MEN_COLL_MEN_TOT,categorical,OPTIMAL,True,5,0.07019880164173779,0.00840834514565231,0.109779142444284,0.23954814130711446
MEN_COLL_MEN,categorical,OPTIMAL,True,4,0.008308945496544814,0.0010352044841673955,0.04020863296182475,0.007379506964711054
MEN_MAIS_MEN_TOT,categorical,OPTIMAL,True,5,0.07019880164173779,0.00840834514565231,0.109779142444284,0.23954814130711446
MEN_MAIS_MEN,categorical,OPTIMAL,True,5,0.008522703738538168,0.0010618863435443756,0.04167620361098512,5.8065306877271614e-05
MEN_MEN_TOT,categorical,OPTIMAL,True,5,0.020006897873877317,0.0024902570008092395,0.0698777278861562,0.04498831811597093
MEN_REGION,categorical,OPTIMAL,True,5,0.21059000217333593,0.02298375699063261,0.20499492146001075,0.6564254088399889
IND_num,categorical,OPTIMAL,True,1,0.000850206320886239,0.00010621025447481538,0.00645242787217315,0.0004905665446203307
IND_0_Y1_num,categorical,OPTIMAL,True,1,0.000850206320886239,0.00010621025447481538,0.00645242787217315,0.0004905665446203307
IND_Y1_Y2_num,categorical,OPTIMAL,True,1,0.000850206320886239,0.00010621025447481538,0.00645242787217315,0.0004905665446203307
IND_Y2_Y3_num,categorical,OPTIMAL,True,1,0.000850206320886239,0.00010621025447481538,0.00645242787217315,0.0004905665446203307
IND_Y3_Y4_num,categorical,OPTIMAL,True,2,0.004313165477125062,0.0005388693905733336,0.027151372191177914,0.008133732147554435
IND_Y4_Y5_num,categorical,OPTIMAL,True,1,0.000850206320886239,0.00010621025447481538,0.00645242787217315,0.0004905665446203307
IND_Y5_Y6_num,categorical,OPTIMAL,True,3,0.005538287920671319,0.0006899563760824622,0.02295969743812787,0.0059246240519213135
IND_Y6_Y7_num,categorical,OPTIMAL,True,2,0.0024408119383498416,0.00030502025273416696,0.024857880297971646,0.006836177406170928
IND_Y7_Y8_num,categorical,OPTIMAL,True,2,0.0032852151044592127,0.00040885605698035916,0.012731970885413002,0.0023270119722589894
IND_Y8_Y9_num,categorical,OPTIMAL,True,3,0.009819876248614608,0.0012255545778129102,0.04405908281454052,0.021714883965905915
IND_Y9_num,categorical,OPTIMAL,True,2,0.006278563671604857,0.0007834531453625583,0.027831754703163347,0.010027384616029374
IND_INC_num,categorical,OPTIMAL,True,1,0.000850206320886239,0.00010621025447481538,0.00645242787217315,0.0004905665446203307
IND_SNV_num,categorical,OPTIMAL,True,3,0.00172744426657901,0.00021583811198503647,0.017577664991190622,0.0005504684365201274
IND_TOT,categorical,OPTIMAL,True,5,0.005583572760967952,0.0006971192843549743,0.03428803400654812,0.001021939490776255
IND_IND_TOT,categorical,OPTIMAL,True,5,0.006471253467366625,0.000807454666040661,0.03474913912750033,0.0036738003218354446
IND_IND_SNV,categorical,OPTIMAL,True,3,0.0019349314614301536,0.00024176716699205467,0.020578158352450138,0.0016748001319586959
IND_0_Y1_IND_TOT,categorical,OPTIMAL,True,5,0.005587729626341524,0.0006976372746773678,0.034295559902624784,0.0010223192918567632
IND_0_Y1_IND,categorical,OPTIMAL,True,1,0.000850206320886239,0.00010621025447481538,0.00645242787217315,0.0004905665446203307
IND_0_Y1_IND_SNV,categorical,OPTIMAL,True,3,0.0017284646484233897,0.00021596559981164988,0.017581297627646597,0.0005499136053954876
IND_Y1_Y2_IND_TOT,categorical,OPTIMAL,True,5,0.005583572760967952,0.0006971192843549743,0.03428803400654812,0.001021939490776255
IND_Y1_Y2_IND,categorical,OPTIMAL,True,1,0.000850206320886239,0.00010621025447481538,0.00645242787217315,0.0004905665446203307
IND_Y1_Y2_IND_SNV,categorical,OPTIMAL,True,3,0.00172744426657901,0.00021583811198503647,0.017577664991190622,0.0005504684365201274
IND_Y2_Y3_IND_TOT,categorical,OPTIMAL,True,5,0.006628485911777026,0.000827331747467877,0.03623315799416571,0.000921387766363986
IND_Y2_Y3_IND,categorical,OPTIMAL,True,1,0.000850206320886239,0.00010621025447481538,0.00645242787217315,0.0004905665446203307
IND_Y2_Y3_IND_SNV,categorical,OPTIMAL,True,3,0.0017416687056424234,0.00021761614536230806,0.0181710524560732,0.0008064807567895885
IND_Y3_Y4_IND_TOT,categorical,OPTIMAL,True,5,0.014715702679222191,0.0018323055143860917,0.050588576312998845,0.013280261611764443
IND_Y3_Y4_IND,categorical,OPTIMAL,True,2,0.004623655896675429,0.00057765532522534,0.028458957219272163,0.008963976462902005
IND_Y3_Y4_IND_SNV,categorical,OPTIMAL,True,5,0.006158897485065326,0.0007691990454306048,0.03938001217660381,0.0018743685725269089
IND_Y4_Y5_IND_TOT,categorical,OPTIMAL,True,5,0.0068116374527073835,0.000850153594212649,0.037290855279655255,0.0013820282240575386
IND_Y4_Y5_IND,categorical,OPTIMAL,True,1,0.000850206320886239,0.00010621025447481538,0.00645242787217315,0.0004905665446203307
IND_Y4_Y5_IND_SNV,categorical,OPTIMAL,True,3,0.0019619656734724007,0.00024513942631874437,0.01889504269338038,0.000655716629104509
IND_Y5_Y6_IND_TOT,categorical,OPTIMAL,True,5,0.019480725071802898,0.002406122991554731,0.04674215807541093,0.02311337770113534
IND_Y5_Y6_IND,categorical,OPTIMAL,True,3,0.006565066902823697,0.0008176688643993244,0.025793173179229578,0.00788166173911901
IND_Y5_Y6_IND_SNV,categorical,OPTIMAL,True,5,0.007506261042610262,0.0009358633140614496,0.03713540321462683,0.00481066824087768
IND_Y6_Y7_IND_TOT,categorical,OPTIMAL,True,5,0.013079097394561676,0.0016270605917203264,0.055308252683508474,0.02780814242483991
IND_Y6_Y7_IND,categorical,OPTIMAL,True,2,0.0025887708103234774,0.00032351199376792457,0.02570095279855311,0.007351899138005759
IND_Y6_Y7_IND_SNV,categorical,OPTIMAL,True,5,0.014165186971855957,0.0017514627836659512,0.04738559001426912,0.002630630455318011
IND_Y7_Y8_IND_TOT,categorical,OPTIMAL,True,5,0.011794233054198971,0.0014629677266776518,0.03991070368252858,0.002679983689450765
IND_Y7_Y8_IND,categorical,OPTIMAL,True,3,0.004772536513306552,0.0005941793276006242,0.01879323073672934,0.003917712036291046
IND_Y7_Y8_IND_SNV,categorical,OPTIMAL,True,4,0.00490200195686862,0.0006104368328456892,0.027692409793226846,0.0037665264777345356
IND_Y8_Y9_IND_TOT,categorical,OPTIMAL,True,5,0.016100775043822946,0.002003566890814482,0.05687006917361903,0.027565492501043648
IND_Y8_Y9_IND,categorical,OPTIMAL,True,3,0.010231633835804896,0.0012769017225726922,0.04544458451616773,0.02339122336579488
IND_Y8_Y9_IND_SNV,categorical,OPTIMAL,True,5,0.012365963763191816,0.0015418153897997374,0.05329414560528101,0.015492469708408315
IND_Y9_IND_TOT,categorical,OPTIMAL,True,5,0.012738485218778814,0.0015868337138512604,0.04883980613941652,0.014896499113496135
IND_Y9_IND,categorical,OPTIMAL,True,2,0.00642704409667726,0.0008019456411445512,0.02813556730908473,0.010282895761741255
IND_Y9_IND_SNV,categorical,OPTIMAL,True,5,0.007912166817652009,0.0009876111565515077,0.04332156591322889,0.0004592707180245032
IND_INC_IND_TOT,categorical,OPTIMAL,True,5,0.005583572760967952,0.0006971192843549743,0.03428803400654812,0.001021939490776255
IND_INC_IND,categorical,OPTIMAL,True,1,0.000850206320886239,0.00010621025447481538,0.00645242787217315,0.0004905665446203307
IND_INC_IND_SNV,categorical,OPTIMAL,True,3,0.00172744426657901,0.00021583811198503647,0.017577664991190622,0.0005504684365201274
IND_SNV_IND_TOT,categorical,OPTIMAL,True,5,0.02114967873870804,0.0026281027325930914,0.07160507547911499,0.052039430635404185
IND_SNV_IND,categorical,OPTIMAL,True,3,0.0019349314614301536,0.00024176716699205467,0.020578158352450138,0.0016748001319586959
IND_REGION,categorical,OPTIMAL,True,5,0.09239444236779758,0.011000491854252309,0.13919727978400764,0.30390597693824056
IND_SNV_REGION,categorical,OPTIMAL,True,5,0.04537089252142949,0.005634390743368087,0.11192995924267157,0.1588108395969274
ALTITUDE_1_num,categorical,OPTIMAL,True,4,0.059880158351930016,0.00746014598859415,0.12881893556509094,0.01850566284797387
ALTITUDE_2_num,categorical,OPTIMAL,True,3,0.016591100675718316,0.0020692740383857263,0.06055163038926015,0.04490902993354271
ALTITUDE_3_num,categorical,OPTIMAL,True,3,0.015194684282697863,0.0018955431028215748,0.058200214193308786,0.04046882969423123
ALTITUDE_4_num,categorical,OPTIMAL,True,4,0.009685809657600207,0.0012093142652172476,0.04978777302864634,0.010567254921861271
ALTITUDE_5_num,categorical,OPTIMAL,True,3,0.017725175342576668,0.002207994347701296,0.05995900387966702,0.04962872594986901
ALTITUDE_TOT,categorical,OPTIMAL,True,5,0.07622259072781551,0.009433546225489215,0.13873985717184534,0.1397523610433132
ALTITUDE_1_ALT_TOT,categorical,OPTIMAL,True,5,0.07622259072781551,0.009433546225489215,0.13873985717184534,0.1397523610433132
ALTITUDE_2_ALT_TOT,categorical,OPTIMAL,True,5,0.07622259072781551,0.009433546225489215,0.13873985717184534,0.1397523610433132
ALTITUDE_3_ALT_TOT,categorical,OPTIMAL,True,5,0.07622259072781551,0.009433546225489215,0.13873985717184534,0.1397523610433132
ALTITUDE_4_ALT_TOT,categorical,OPTIMAL,True,5,0.07622259072781551,0.009433546225489215,0.13873985717184534,0.1397523610433132
ALTITUDE_5_ALT_TOT,categorical,OPTIMAL,True,5,0.07622259072781551,0.009433546225489215,0.13873985717184534,0.1397523610433132
ALTITUDE_REGION,categorical,OPTIMAL,True,5,0.31475464988862756,0.02963485077323105,0.2114174935007621,0.6713254553665401
NBJTX25_MM_A_NBJTX25_MMAX_A,categorical,OPTIMAL,True,5,0.05694603405434228,0.007097164452633115,0.12634635855568765,0.00518621329965029
NBJTX0_MM_A_NBJTX0_MMAX_A,categorical,OPTIMAL,True,5,0.06801294996851281,0.008453774290418919,0.13682674478750578,0.12666048105092995
NBJTXI27_MM_A_NBJTXI27_MMAX_A,categorical,OPTIMAL,True,5,0.05905322692026267,0.007353019080605872,0.12902795856074312,0.026008048415811478
NBJTXS32_MM_A_NBJTXS32_MMAX_A,categorical,OPTIMAL,True,5,0.05825240408808069,0.007258817255703372,0.12742035122411022,0.005723578762184026
NBJTXI20_MM_A_NBJTXI20_MMAX_A,categorical,OPTIMAL,True,5,0.06015218271805233,0.007494246319524982,0.12946012807527474,0.025957248622355697
NBJTX30_MM_A_NBJTX30_MMAX_A,categorical,OPTIMAL,True,4,0.05985762144901947,0.007458639928556106,0.12855248055489366,0.038299637383180096
NBJTX35_MM_A_NBJTX35_MMAX_A,categorical,OPTIMAL,True,5,0.054750164263237616,0.006825697039950757,0.12304071247062909,0.0007978656230927671
NBJTN10_MM_A_NBJTN10_MMAX_A,categorical,OPTIMAL,True,5,0.05505291938613139,0.00686466472574397,0.12076223375873696,0.0009424491446453666
NBJTNI10_MM_A_NBJTNI10_MMAX_A,categorical,OPTIMAL,True,5,0.060394151140464744,0.007525479966232464,0.12895530904919295,0.014519725027771992
NBJTN5_MM_A_NBJTN5_MMAX_A,categorical,OPTIMAL,True,5,0.06358190678408035,0.007913005079673349,0.13220162636222998,0.05057022351868068
NBJTNS25_MM_A_NBJTNS25_MMAX_A,categorical,OPTIMAL,True,3,0.05264996336419615,0.00656643968010967,0.11652457027861374,0.027722273015209506
NBJTNI15_MM_A_NBJTNI15_MMAX_A,categorical,OPTIMAL,True,5,0.057654563196343295,0.007184687870722626,0.1272700472709769,0.01854168548963523
NBJTNI20_MM_A_NBJTNI20_MMAX_A,categorical,OPTIMAL,True,4,0.05473100395652118,0.0068223813607208575,0.12242773965755538,0.013835646339096015
NBJTNS20_MM_A_NBJTNS20_MMAX_A,categorical,OPTIMAL,True,4,0.056816440207177944,0.00708103846050095,0.12563763729650435,0.01464237836626475
NBJTMS24_MM_A_NBJTMS24_MMAX_A,categorical,OPTIMAL,True,4,0.05994130091455275,0.007466331877361205,0.1282000665551123,0.10559894352457806
TAMPLIAB_VOR_MM_A_TAMPLIAB_VOR_MMAX_A,categorical,OPTIMAL,True,5,0.06463887736307397,0.008040641421854748,0.13393856070480847,0.009950573351466381
TAMPLIM_VOR_MM_A_TAMPLIM_VOR_MMAX_A,categorical,OPTIMAL,True,5,0.06250716137212892,0.007781377864632088,0.13280662281943612,0.05228859806891832
TM_VOR_MM_A_TM_VOR_MMAX_A,categorical,OPTIMAL,True,5,0.05793947927877438,0.007217228028277839,0.12656620706538424,0.00888001575721951
TMM_VOR_MM_A_TMM_VOR_MMAX_A,categorical,OPTIMAL,True,5,0.05620892369331598,0.0070055783824512306,0.12524499562861757,0.022650070210403828
TMMAX_VOR_MM_A_TMMAX_VOR_MMAX_A,categorical,OPTIMAL,True,5,0.059527604595350836,0.00741380642984344,0.129767328782337,0.013054799645317711
TMMIN_VOR_MM_A_TMMIN_VOR_MMAX_A,categorical,OPTIMAL,True,5,0.06108645975473639,0.0076055161969661115,0.1315029777057266,0.03827469241174476
TN_VOR_MM_A_TN_VOR_MMAX_A,categorical,OPTIMAL,True,5,0.06517590728893635,0.008114589790242804,0.13336021859693936,0.05717678790728115
TNAB_VOR_MM_A_TNAB_VOR_MMAX_A,categorical,OPTIMAL,True,5,0.06339567263442288,0.007890015016347078,0.13229538635012017,0.06368596516397537
TNMAX_VOR_MM_A_TNMAX_VOR_MMAX_A,categorical,OPTIMAL,True,5,0.057676377242225664,0.007187759214365538,0.12706737736716034,0.013484928162488058
TX_VOR_MM_A_TX_VOR_MMAX_A,categorical,OPTIMAL,True,5,0.059395061106634596,0.0073954560316878285,0.12960533539763186,0.016646926902674886
TXAB_VOR_MM_A_TXAB_VOR_MMAX_A,categorical,OPTIMAL,True,5,0.06670602069340067,0.00829453751493528,0.1357464360293018,0.003676744525911867
TXMIN_VOR_MM_A_TXMIN_VOR_MMAX_A,categorical,OPTIMAL,True,5,0.05821124446489415,0.007253747660512261,0.12790352083088796,0.015754550539611688
NBJFF10_MM_A_NBJFF10_MMAX_A,categorical,OPTIMAL,True,5,0.06606464100160916,0.008226193428090042,0.13470959503212732,0.04842816013754677
NBJFF16_MM_A_NBJFF16_MMAX_A,categorical,OPTIMAL,True,5,0.06290022236298506,0.007829989341004427,0.13264256375483308,0.014480916922910638
NBJFF28_MM_A_NBJFF28_MMAX_A,categorical,OPTIMAL,True,5,0.062334061027437083,0.0077625384598236456,0.13171932067297965,0.010350152816840381
NBJFXI3S10_MM_A_NBJFXI3S10_MMAX_A,categorical,OPTIMAL,True,5,0.07025310344535708,0.008733810954035809,0.13918844755453752,0.034514417328560996
NBJFXI3S16_MM_A_NBJFXI3S16_MMAX_A,categorical,OPTIMAL,True,5,0.06563218945574611,0.008166166200180588,0.13519923517204335,0.040707788770985125
NBJFXI3S28_MM_A_NBJFXI3S28_MMAX_A,categorical,OPTIMAL,True,5,0.06491749299409086,0.008076422003673932,0.1347791781995299,0.004156598656367665
NBJFXY8_MM_A_NBJFXY8_MMAX_A,categorical,OPTIMAL,True,5,0.06524205873974076,0.008120640035221314,0.1349862947849959,0.045159084638367056
NBJFXY10_MM_A_NBJFXY10_MMAX_A,categorical,OPTIMAL,True,5,0.06154208358406976,0.0076609266213551845,0.13214974626460685,0.034667313432026274
NBJFXY15_MM_A_NBJFXY15_MMAX_A,categorical,OPTIMAL,True,5,0.06261179071414819,0.00777930697652997,0.12936102692129336,0.014832672364687449
FFM_VOR_MM_A_FFM_VOR_MMAX_A,categorical,OPTIMAL,True,4,0.059676304152591335,0.007432080188301842,0.12869220674686732,0.11589922054982985
FXI3SAB_VOR_MM_A_FXI3SAB_VOR_MMAX_A,categorical,OPTIMAL,True,3,0.0570136003349787,0.007107735301190355,0.12255075540007454,0.04695487268837754
FXIAB_VOR_MM_A_FXIAB_VOR_MMAX_A,categorical,OPTIMAL,True,5,0.05798117361561169,0.007223720909736128,0.12726229131864997,1.7407477812406413e-05
FXYAB_VOR_MM_A_FXYAB_VOR_MMAX_A,categorical,OPTIMAL,True,5,0.05542893950270465,0.006909795576483149,0.12361017247669415,0.0001219191482860849
FFM_VOR_COM_MM_A_Y_FFM_VOR_COM_MMAX_A_Y,categorical,OPTIMAL,True,5,0.02155569976316994,0.0026897386725322895,0.07902657749928799,0.007985813976703926
FXI3SAB_VOR_COM_MM_A_Y_FXI3SAB_VOR_COM_MMAX_A_Y,categorical,OPTIMAL,True,2,0.015429231395573674,0.0019244737580578846,0.051234458431362206,0.035203217843250846
NBJRR50_MM_A_NBJRR50_MMAX_A,categorical,OPTIMAL,True,5,0.06386102557713647,0.007948187878623756,0.1333014786402159,0.0022744584390727847
NBJRR1_MM_A_NBJRR1_MMAX_A,categorical,OPTIMAL,True,5,0.05811711019009341,0.007242543818089703,0.126742801782452,0.0024583684437228777
NBJRR5_MM_A_NBJRR5_MMAX_A,categorical,OPTIMAL,True,5,0.06084141256182837,0.007577448721676056,0.13124293531240872,0.031597300026973335
NBJRR10_MM_A_NBJRR10_MMAX_A,categorical,OPTIMAL,True,5,0.0642427249830348,0.007996702876828573,0.1334482883124003,0.013156312547956734
NBJRR30_MM_A_NBJRR30_MMAX_A,categorical,OPTIMAL,True,5,0.06388576655016716,0.007956287098454152,0.13274074307502814,0.01449599900607162
NBJRR100_MM_A_NBJRR100_MMAX_A,categorical,OPTIMAL,True,2,0.055929060387530136,0.006973838009938182,0.11963798908307799,0.15958263780685863
RR_VOR_MM_A_RR_VOR_MMAX_A,categorical,OPTIMAL,True,5,0.060518488982368814,0.007535842669922269,0.13069076009203162,0.009484922343578261
RRAB_VOR_MM_A_RRAB_VOR_MMAX_A,categorical,OPTIMAL,True,5,0.06352876660331364,0.007912281216331207,0.1317110981730122,0.007243155778366266
total_surface_crossed,categorical,OPTIMAL,True,5,0.06285264522455697,0.00779302546397094,0.12765669943243085,0.19913748428696615
nb_casernes_extinction_rate,categorical,OPTIMAL,True,5,0.0061026249017002345,0.0007624393091256705,0.040118085717514185,0.00040038060593439005
zone_vent_extinction_rate,categorical,OPTIMAL,True,5,0.03750894363670654,0.00464780498093981,0.09092316104990794,0.10177075970696466
VENT_x_CASERNES,categorical,OPTIMAL,True,4,0.025827748254933742,0.0032178747055855352,0.07772519916359721,0.011814393059023758
TYPERS,categorical,OPTIMAL,True,2,0.22418257853228046,0.027747794257449464,0.23324983648188935,0.4724240806408256
NB_CASERNES,categorical,OPTIMAL,True,2,0.0010894666832909634,0.00013611489640328364,0.01035871221596163,0.0007019827406456255
BDTOPO_BAT_MAX_HAUTEUR,categorical,OPTIMAL,True,4,0.05966699137581309,0.0074219145539233,0.12275873751185296,0.08961083359925145
HAUTEUR_MAX,categorical,OPTIMAL,True,3,0.07648457625067305,0.009500024792383717,0.13486937633750262,0.2202102707677064
HAUTEUR,categorical,OPTIMAL,True,4,0.05784115505759893,0.0071928632102026555,0.12026343641478754,0.05586043028120882
BDTOPO_BAT_MAX_HAUTEUR_MAX,categorical,OPTIMAL,True,3,0.07013234243128667,0.008700898541597247,0.1266112803938111,0.20270460052984957
MEN_SURF,categorical,OPTIMAL,True,4,0.0069306881685397585,0.000865823496502543,0.0453917423651341,0.012027198147917542
IND_SNV,categorical,OPTIMAL,True,3,0.00172744426657901,0.00021583811198503647,0.017577664991190622,0.0005504684365201274
IND_INC,categorical,OPTIMAL,True,1,0.000850206320886239,0.00010621025447481538,0.00645242787217315,0.0004905665446203307
IND_Y9,categorical,OPTIMAL,True,2,0.006278563671604857,0.0007834531453625583,0.027831754703163347,0.010027384616029374
IND_0_Y1,categorical,OPTIMAL,True,1,0.000850206320886239,0.00010621025447481538,0.00645242787217315,0.0004905665446203307
IND,categorical,OPTIMAL,True,1,0.000850206320886239,0.00010621025447481538,0.00645242787217315,0.0004905665446203307
LOG_SOC,categorical,OPTIMAL,True,3,0.00467857412464287,0.000582436015291124,0.018793430226065277,0.0020066149947203854
LOG_INC,categorical,OPTIMAL,True,1,0.000850206320886239,0.00010621025447481538,0.00645242787217315,0.0004905665446203307
LOG_APA3,categorical,OPTIMAL,True,5,0.007989081424741449,0.0009973608206994928,0.04600014622890081,0.0016340112865083935
LOG_AVA1,categorical,OPTIMAL,True,5,0.005957971850693178,0.0007438520783131606,0.03446001151075995,0.0016898965040097812
MEN_MAIS,categorical,OPTIMAL,True,5,0.004878741400774582,0.0006094206435830621,0.03447218679539188,5.243066637309339e-05
MEN_COLL,categorical,OPTIMAL,True,5,0.004616150322488524,0.0005766367210135611,0.03283620370950713,4.9073524184923484e-05
MEN_FMP,categorical,OPTIMAL,True,2,0.0010005156332364973,0.000124998713258817,0.011693358615989746,0.0011145411362928396
MEN_PROP,categorical,OPTIMAL,True,4,0.006807655826604166,0.0008503949819705502,0.042150529726798,0.002762706064467389
MEN_PAUV,categorical,OPTIMAL,True,2,0.0017140236330659936,0.0002141484247549434,0.015032943628716877,0.0021466679541068553
MEN,categorical,OPTIMAL,True,1,0.000850206320886239,0.00010621025447481538,0.00645242787217315,0.0004905665446203307
COEFASS,categorical,OPTIMAL,True,4,0.01844406722935396,0.0022863480711887273,0.041018788113191706,0.0083461645329688
DISTANCE_111,categorical,OPTIMAL,True,3,0.05234470548558031,0.006528736719363152,0.11490372585927056,0.0002923847559924677
DISTANCE_112,categorical,OPTIMAL,True,3,0.05340096657936024,0.006659584363446614,0.11775441077316673,0.02587882253811635
DISTANCE_121,categorical,OPTIMAL,True,3,0.053193359176806274,0.00663375581829964,0.11772910297684724,0.022258835944602897
DISTANCE_122,categorical,OPTIMAL,True,3,0.05524594739484104,0.006886556197405695,0.12343636417518955,0.04320104163787131
DISTANCE_123,categorical,OPTIMAL,True,4,0.059732394908750715,0.007443688189606931,0.12825160398153757,0.06875948171266538
DISTANCE_124,categorical,OPTIMAL,True,3,0.05355184922697579,0.006677848713836773,0.12001182244591302,0.059473394422349946
DISTANCE_131,categorical,OPTIMAL,True,2,0.05241172423762491,0.006536985324606432,0.11509928654231705,0.05334903818823024
DISTANCE_132,categorical,OPTIMAL,True,4,0.06034513158470064,0.007520270232690032,0.12796300082869638,0.05339795911272736
DISTANCE_133,categorical,OPTIMAL,True,3,0.05342294389279734,0.006661939436088872,0.11958233477592173,0.04802111674280029
DISTANCE_141,categorical,OPTIMAL,True,4,0.05423841763296258,0.006762698674023227,0.12159692448963921,0.015315416147378667
DISTANCE_142,categorical,OPTIMAL,True,3,0.05349257392688522,0.006670592031036487,0.11960173350505654,0.06688158364455025
DISTANCE_211,categorical,OPTIMAL,True,2,0.05738062227604091,0.007153836752601695,0.12170959896238909,0.16794288199818375
DISTANCE_212,categorical,OPTIMAL,True,4,0.06330891667871608,0.007880723972023149,0.13319716341415577,0.06468936987086048
DISTANCE_213,categorical,OPTIMAL,True,4,0.06881776912631549,0.008547533065008885,0.13691012650357226,0.044229286215295
DISTANCE_221,categorical,OPTIMAL,True,4,0.059414351851443024,0.0073959609446864845,0.1281735586052073,0.09109360592412605
DISTANCE_222,categorical,OPTIMAL,True,3,0.05743366652672554,0.007158135819756486,0.12588629110103922,0.15355125119392338
DISTANCE_223,categorical,OPTIMAL,True,4,0.0678589429219097,0.008430341549602227,0.13622763326570975,0.056345665116302936
DISTANCE_231,categorical,OPTIMAL,True,2,0.05323006613983924,0.006637597883704735,0.11818366838690775,0.13758888551473106
DISTANCE_242,categorical,OPTIMAL,True,2,0.055178869858420236,0.006876987762191767,0.12216617857122847,0.16934226767268698
DISTANCE_243,categorical,OPTIMAL,True,3,0.052399222906301876,0.006535447661460062,0.1153055488629654,0.006409417814194064
DISTANCE_244,categorical,OPTIMAL,True,1,0.053082158036032175,0.006620527496593691,0.1149030212114549,0.16117788331497734
DISTANCE_311,categorical,OPTIMAL,True,2,0.06191912704285599,0.007719123244550529,0.12421572235592893,0.1753758665438408
DISTANCE_312,categorical,OPTIMAL,True,1,0.05356884153079086,0.006681089445642122,0.1154245909066155,0.1625805583733941
DISTANCE_313,categorical,OPTIMAL,True,1,0.053380120524263684,0.006657602498253649,0.11521954160983239,0.16199153410884834
DISTANCE_321,categorical,OPTIMAL,True,4,0.060321340714798145,0.007505027314981599,0.12944718700899838,0.10346594685725238
DISTANCE_322,categorical,OPTIMAL,True,3,0.05321034927244715,0.006635433584386698,0.11934259846646011,0.04716285826687154
DISTANCE_323,categorical,OPTIMAL,True,4,0.06457811316629028,0.008033724725794288,0.13478732508660396,0.12220713641575089
DISTANCE_324,categorical,OPTIMAL,True,1,0.05257596862053911,0.006557529461916109,0.11435186917831697,0.15962865492051742
DISTANCE_331,categorical,OPTIMAL,True,4,0.055748163850796756,0.006949401284196758,0.1241194719689096,0.015058046995136907
DISTANCE_332,categorical,OPTIMAL,True,4,0.05929389238415426,0.007381978130191282,0.12864579008299293,0.007443329030364805
DISTANCE_333,categorical,OPTIMAL,True,4,0.05250175857699321,0.006548077039275137,0.11615633226989486,0.0003339027828978031
DISTANCE_334,categorical,OPTIMAL,True,4,0.064558462470476,0.008032468849829503,0.1347472003807363,0.1460535438911796
DISTANCE_335,categorical,OPTIMAL,True,4,0.07090833311116404,0.008796818735557483,0.13736148238762302,0.0041458376452315135
DISTANCE_411,categorical,OPTIMAL,True,3,0.06454233098560566,0.008036215915583143,0.13277114106698396,0.1781731960191972
DISTANCE_412,categorical,OPTIMAL,True,4,0.05557162167675656,0.0069265182343364136,0.12459592489844917,0.024653126568359964
DISTANCE_421,categorical,OPTIMAL,True,3,0.053458586197799154,0.006666073878346044,0.12006310729309833,0.0278597521165201
DISTANCE_422,categorical,OPTIMAL,True,4,0.059776631976742024,0.007446348689401512,0.12979388821336102,0.041835437356382316
DISTANCE_423,categorical,OPTIMAL,True,4,0.05599218430339698,0.0069788641964239236,0.12482032626960315,0.010633164967938567
DISTANCE_511,categorical,OPTIMAL,True,4,0.054576301168002064,0.006803072191772053,0.12228941310850316,0.01975469186902225
DISTANCE_512,categorical,OPTIMAL,True,2,0.05436853913254211,0.006778565419728942,0.12144240230232184,0.16758142406267668
DISTANCE_521,categorical,OPTIMAL,True,4,0.05467413551612305,0.006816283492144912,0.12279472764035482,0.007782176402093699
DISTANCE_522,categorical,OPTIMAL,True,4,0.05535696943696457,0.006900408560695367,0.12389943844894169,0.008515198441986149
DISTANCE_523,categorical,OPTIMAL,True,4,0.05630451041117389,0.00701751052961407,0.1248303361296692,0.0021973678330161925
PROPORTION_11,categorical,OPTIMAL,True,3,0.0008772729837297508,0.00010959243036769056,0.007478311434935825,7.607530644481436e-06
PROPORTION_12,categorical,OPTIMAL,True,1,0.0008573509955076188,0.00010710221359431799,0.006478670372558559,0.0004944367443122012
PROPORTION_13,categorical,OPTIMAL,True,1,0.0008573509955076188,0.00010710221359431799,0.006478670372558559,0.0004944367443122012
PROPORTION_14,categorical,OPTIMAL,True,1,0.0008573509955076188,0.00010710221359431799,0.006478670372558559,0.0004944367443122012
PROPORTION_21,categorical,OPTIMAL,True,5,0.034563447229250664,0.004307758289174064,0.10155291653079335,0.08751230331588952
PROPORTION_22,categorical,OPTIMAL,True,5,0.007289519574508551,0.0009077535117866526,0.028402072191615946,0.0008202375568384412
PROPORTION_23,categorical,OPTIMAL,True,5,0.00599756679340133,0.0007486735077570535,0.038121860284197506,0.0005049672662263712
PROPORTION_24,categorical,OPTIMAL,True,5,0.014486601812882652,0.001808207265875431,0.062485761549196606,0.0029633842461620195
PROPORTION_31,categorical,OPTIMAL,True,5,0.024070728405792958,0.002997487032422143,0.07692294314641923,0.02320159040389524
PROPORTION_32,categorical,OPTIMAL,True,3,0.004167598358590943,0.0005195268693080514,0.01914613541592569,0.002999855449727145
PROPORTION_33,categorical,OPTIMAL,True,1,0.0008573509955076188,0.00010710221359431799,0.006478670372558559,0.0004944367443122012
PROPORTION_41,categorical,OPTIMAL,True,1,0.0008573509955076188,0.00010710221359431799,0.006478670372558559,0.0004944367443122012
PROPORTION_42,categorical,OPTIMAL,True,1,0.0008573509955076188,0.00010710221359431799,0.006478670372558559,0.0004944367443122012
PROPORTION_51,categorical,OPTIMAL,True,1,0.0008573509955076188,0.00010710221359431799,0.006478670372558559,0.0004944367443122012
PROPORTION_52,categorical,OPTIMAL,True,1,0.0008573509955076188,0.00010710221359431799,0.006478670372558559,0.0004944367443122012
MEN_1IND,categorical,OPTIMAL,True,4,0.007374882803089174,0.0009212919859731245,0.045127356252404716,0.0015321270309050854
MEN_5IND,categorical,OPTIMAL,True,2,0.002427760942113765,0.00030314892930328585,0.014105366480161807,0.0020174765493531665
LOG_A1_A2,categorical,OPTIMAL,True,3,0.001447075725479269,0.00018079175931020415,0.013014840328630983,0.0004664304561922604
LOG_A2_A3,categorical,OPTIMAL,True,4,0.005669546366338095,0.000707809872445096,0.033786786483093634,0.004233975820837001
IND_Y1_Y2,categorical,OPTIMAL,True,1,0.000850206320886239,0.00010621025447481538,0.00645242787217315,0.0004905665446203307
IND_Y2_Y3,categorical,OPTIMAL,True,1,0.000850206320886239,0.00010621025447481538,0.00645242787217315,0.0004905665446203307
IND_Y3_Y4,categorical,OPTIMAL,True,2,0.004313165477125062,0.0005388693905733336,0.027151372191177914,0.008133732147554435
IND_Y4_Y5,categorical,OPTIMAL,True,1,0.000850206320886239,0.00010621025447481538,0.00645242787217315,0.0004905665446203307
IND_Y5_Y6,categorical,OPTIMAL,True,3,0.005538287920671319,0.0006899563760824622,0.02295969743812787,0.0059246240519213135
IND_Y6_Y7,categorical,OPTIMAL,True,2,0.0024408119383498416,0.00030502025273416696,0.024857880297971646,0.006836177406170928
IND_Y7_Y8,categorical,OPTIMAL,True,2,0.0032852151044592127,0.00040885605698035916,0.012731970885413002,0.0023270119722589894
IND_Y8_Y9,categorical,OPTIMAL,True,3,0.009819876248614608,0.0012255545778129102,0.04405908281454052,0.021714883965905915
DISTANCE_1,categorical,OPTIMAL,True,3,0.053533116550528975,0.006675370441858731,0.12005218203438583,0.01713601626412502
DISTANCE_2,categorical,OPTIMAL,True,1,0.053244130914047234,0.0066406833727307366,0.11507687777650843,0.16164489749750102
ALTITUDE_1,categorical,OPTIMAL,True,4,0.059880158351930016,0.00746014598859415,0.12881893556509094,0.01850566284797387
ALTITUDE_2,categorical,OPTIMAL,True,3,0.016591100675718316,0.0020692740383857263,0.06055163038926015,0.04490902993354271
ALTITUDE_3,categorical,OPTIMAL,True,3,0.015194684282697863,0.0018955431028215748,0.058200214193308786,0.04046882969423123
ALTITUDE_4,categorical,OPTIMAL,True,4,0.009685809657600207,0.0012093142652172476,0.04978777302864634,0.010567254921861271
ALTITUDE_5,categorical,OPTIMAL,True,3,0.017725175342576668,0.002207994347701296,0.05995900387966702,0.04962872594986901
NBJTX25_MM_A,categorical,OPTIMAL,True,4,0.05491284967862682,0.0068455086892607615,0.12346060373829082,0.0206139176871377
NBJTX25_MMAX_A,categorical,OPTIMAL,True,4,0.05647094497810243,0.007038626932861726,0.12527227096895188,0.025782823670353127
NBJTX25_MSOM_A,categorical,OPTIMAL,True,4,0.05491284967862682,0.0068455086892607615,0.12346060373829082,0.0206139176871377
NBJTX0_MM_A,categorical,OPTIMAL,True,3,0.05861510992239317,0.007300270419450328,0.12797859478138374,0.11477708070805273
NBJTX0_MMAX_A,categorical,OPTIMAL,True,4,0.06273781418430899,0.007807236130304034,0.1324956961663898,0.08340347062013763
NBJTX0_MSOM_A,categorical,OPTIMAL,True,3,0.05861510992239317,0.007300270419450328,0.12797859478138374,0.11477708070805273
NBJTXI27_MM_A,categorical,OPTIMAL,True,4,0.05577196984905465,0.006951520830263818,0.12480282751551453,0.00965998560607808
NBJTXI27_MMAX_A,categorical,OPTIMAL,True,3,0.05429531154420371,0.00676849060708419,0.12098286896428267,0.021882339360919927
NBJTXI27_MSOM_A,categorical,OPTIMAL,True,4,0.05577196984905465,0.006951520830263818,0.12480282751551453,0.00965998560607808
NBJTXS32_MM_A,categorical,OPTIMAL,True,4,0.0567885181788136,0.007079201995210057,0.12385545105036777,0.014938304974062733
NBJTXS32_MMAX_A,categorical,OPTIMAL,True,4,0.05630774052357028,0.0070186235610159116,0.12492058574876086,0.024057154387234082
NBJTXS32_MSOM_A,categorical,OPTIMAL,True,4,0.0567885181788136,0.007079201995210057,0.12385545105036777,0.014938304974062733
NBJTXI20_MM_A,categorical,OPTIMAL,True,4,0.05805428167142528,0.007234734698343955,0.12694596397446856,0.032260419652869896
NBJTXI20_MMAX_A,categorical,OPTIMAL,True,2,0.05344969373051551,0.006664893840834303,0.11969801767656019,0.15252246654931537
NBJTXI20_MSOM_A,categorical,OPTIMAL,True,4,0.05805428167142528,0.007234734698343955,0.12694596397446856,0.032260419652869896
NBJTX30_MM_A,categorical,OPTIMAL,True,4,0.05900089525332956,0.007353659563880558,0.12575640102035512,0.015968349180735916
NBJTX30_MMAX_A,categorical,OPTIMAL,True,4,0.05833034758480646,0.00726953839659416,0.12674033229752735,0.02350754997781328
NBJTX30_MSOM_A,categorical,OPTIMAL,True,4,0.05900089525332956,0.007353659563880558,0.12575640102035512,0.015968349180735916
NBJTX35_MM_A,categorical,OPTIMAL,True,4,0.0539259136144182,0.006723952578695831,0.12120330789806222,0.00259472225367824
NBJTX35_MMAX_A,categorical,OPTIMAL,True,4,0.0538571288894228,0.00671535420967476,0.12119619385093716,0.004389753964529442
NBJTX35_MSOM_A,categorical,OPTIMAL,True,4,0.0539259136144182,0.006723952578695831,0.12120330789806222,0.00259472225367824
NBJTN10_MM_A,categorical,OPTIMAL,True,3,0.054258448520715395,0.00676615148158281,0.1185650340809592,0.029329407886352923
NBJTN10_MMAX_A,categorical,OPTIMAL,True,3,0.053929077001478885,0.006724913172347828,0.11912116369478576,0.027589041897283492
NBJTN10_MSOM_A,categorical,OPTIMAL,True,3,0.054258448520715395,0.00676615148158281,0.1185650340809592,0.029329407886352923
NBJTNI10_MM_A,categorical,OPTIMAL,True,4,0.05757000440600321,0.007174751953374392,0.12659778751429096,0.06750479692045211
NBJTNI10_MMAX_A,categorical,OPTIMAL,True,3,0.0524891209150287,0.006546538515814574,0.11632251814822459,0.00700793586300603
NBJTNI10_MSOM_A,categorical,OPTIMAL,True,4,0.05757000440600321,0.007174751953374392,0.12659778751429096,0.06750479692045211
NBJTN5_MM_A,categorical,OPTIMAL,True,3,0.05506031895071381,0.006865578481163418,0.11961878984327912,0.012700808131586317
NBJTN5_MMAX_A,categorical,OPTIMAL,True,4,0.062301765221950904,0.007758194557624411,0.13087140733843172,0.08490500998891448
NBJTN5_MSOM_A,categorical,OPTIMAL,True,3,0.05506031895071381,0.006865578481163418,0.11961878984327912,0.012700808131586317
NBJTNS25_MM_A,categorical,OPTIMAL,True,2,0.05236228852560526,0.006530903034964766,0.1150322903011417,0.038659486513923355
NBJTNS25_MMAX_A,categorical,OPTIMAL,True,3,0.05243544226235502,0.006539919685543542,0.11567619844035026,0.008418530359865726
NBJTNS25_MSOM_A,categorical,OPTIMAL,True,2,0.05236228852560526,0.006530903034964766,0.1150322903011417,0.038659486513923355
NBJTNI15_MM_A,categorical,OPTIMAL,True,3,0.055672806631515054,0.006941009591894057,0.12193092272790063,0.03708350736197077
NBJTNI15_MMAX_A,categorical,OPTIMAL,True,3,0.05346625480380724,0.0066671697752297525,0.11998022108280171,0.036148726338459426
NBJTNI15_MSOM_A,categorical,OPTIMAL,True,3,0.055672806631515054,0.006941009591894057,0.12193092272790063,0.03708350736197077
NBJTNI20_MM_A,categorical,OPTIMAL,True,2,0.053657569918556865,0.00669095701531038,0.11941721713081022,0.15178634495313306
NBJTNI20_MMAX_A,categorical,OPTIMAL,True,2,0.05241775250685928,0.006537738375345138,0.11562879880886079,0.05928811271717782
NBJTNI20_MSOM_A,categorical,OPTIMAL,True,2,0.053657569918556865,0.00669095701531038,0.11941721713081022,0.15178634495313306
NBJTNS20_MM_A,categorical,OPTIMAL,True,2,0.05630043053292244,0.00701796201369557,0.12346915603917663,0.1749335408702323
NBJTNS20_MMAX_A,categorical,OPTIMAL,True,3,0.054310968181619665,0.006772044710451218,0.12084581335535449,0.08151575660756108
NBJTNS20_MSOM_A,categorical,OPTIMAL,True,2,0.05630043053292244,0.00701796201369557,0.12346915603917663,0.1749335408702323
NBJTMS24_MM_A,categorical,OPTIMAL,True,3,0.05716666758129022,0.007127248537556126,0.12257875469364421,0.06272052480370811
NBJTMS24_MMAX_A,categorical,OPTIMAL,True,3,0.05769423071710723,0.007191532534037661,0.1253350811516425,0.14804416422401953
NBJTMS24_MSOM_A,categorical,OPTIMAL,True,3,0.05716666758129022,0.007127248537556126,0.12257875469364421,0.06272052480370811
TAMPLIAB_VOR_MM_A,categorical,OPTIMAL,True,3,0.0592702269530023,0.007384830090446738,0.1285451042758189,0.16356617179209995
TAMPLIAB_VOR_MMAX_A,categorical,OPTIMAL,True,3,0.054995724669101353,0.00685552047641763,0.12311171136880283,0.035652348308776595
TAMPLIM_VOR_MM_A,categorical,OPTIMAL,True,3,0.05874493094473152,0.007320407800196355,0.1275628943985616,0.14679885401300322
TAMPLIM_VOR_MMAX_A,categorical,OPTIMAL,True,3,0.05421208008097716,0.006759140447806263,0.12179182235327912,0.0649878544688324
TM_VOR_MM_A,categorical,OPTIMAL,True,3,0.056248208063373356,0.007010744971135961,0.12471667547173448,0.13495417018962338
TM_VOR_MMAX_A,categorical,OPTIMAL,True,3,0.055238048385397615,0.006886615703330736,0.1227476545922137,0.08613582223247923
TMM_VOR_MM_A,categorical,OPTIMAL,True,4,0.05462170865140521,0.006809364014828041,0.12248995780737804,0.035290274969986886
TMM_VOR_MMAX_A,categorical,OPTIMAL,True,4,0.05492556959928023,0.006846532759703969,0.12312057577397229,0.0174141316814384
TMMAX_VOR_MM_A,categorical,OPTIMAL,True,3,0.05618386568301699,0.007003499118639874,0.12442262819056427,0.10809837792210558
TMMAX_VOR_MMAX_A,categorical,OPTIMAL,True,3,0.05600551136883449,0.006980083467096703,0.12457921444899456,0.03412027148525225
TMMIN_VOR_MM_A,categorical,OPTIMAL,True,4,0.05786726313241019,0.007209427635284879,0.12753509620311287,0.0014817920353254938
TMMIN_VOR_MMAX_A,categorical,OPTIMAL,True,3,0.05311352245278862,0.006623643429613879,0.11890315402630669,0.05134881270471813
TN_VOR_MM_A,categorical,OPTIMAL,True,4,0.060247902340783296,0.0075036667582768155,0.12935817454554654,0.08771016413328252
TN_VOR_MMAX_A,categorical,OPTIMAL,True,3,0.05461394915223506,0.006809449098446456,0.12140306911865806,0.062615002689539
TNAB_VOR_MM_A,categorical,OPTIMAL,True,4,0.06002895001847632,0.007477570313510946,0.1295427584887615,0.10190743308047477
TNAB_VOR_MMAX_A,categorical,OPTIMAL,True,4,0.0560390282066584,0.0069869165997906825,0.12277218212782404,0.05418756884268508
TNMAX_VOR_MM_A,categorical,OPTIMAL,True,3,0.05609037317913493,0.00699173413353237,0.12409897765721212,0.11113490611103305
TNMAX_VOR_MMAX_A,categorical,OPTIMAL,True,3,0.055135464885208665,0.006873511332499556,0.12323140497036467,0.0961843134032866
TX_VOR_MM_A,categorical,OPTIMAL,True,3,0.05589280325792215,0.0069675126234183486,0.12393935562154856,0.0955333066954969
TX_VOR_MMAX_A,categorical,OPTIMAL,True,3,0.05465760325370159,0.006814047234433247,0.122527167394885,0.046911790379086396
TXAB_VOR_MM_A,categorical,OPTIMAL,True,3,0.05648538808688014,0.0070410806028910426,0.12408440689176392,0.05338588311719248
TXAB_VOR_MMAX_A,categorical,OPTIMAL,True,3,0.05557453726726068,0.006928588159342016,0.12292829540347405,0.1146071353794525
TXMIN_VOR_MM_A,categorical,OPTIMAL,True,4,0.0554782428271106,0.006915298391922933,0.12406628071153813,0.021812019782861895
TXMIN_VOR_MMAX_A,categorical,OPTIMAL,True,3,0.052737408395697905,0.006577134423442859,0.1175484251635327,0.028912373093630487
NBJFF10_MM_A,categorical,OPTIMAL,True,4,0.062431534096425115,0.007778006086385259,0.1308700977874684,0.08884938249225462
NBJFF10_MMAX_A,categorical,OPTIMAL,True,4,0.06048120088346122,0.007536865847261322,0.12853203128917512,0.032101473910711144
NBJFF10_MSOM_A,categorical,OPTIMAL,True,4,0.062431534096425115,0.007778006086385259,0.1308700977874684,0.08884938249225462
NBJFF16_MM_A,categorical,OPTIMAL,True,4,0.058909258674788245,0.007336869775392822,0.1286881703053846,0.03656092454060811
NBJFF16_MMAX_A,categorical,OPTIMAL,True,4,0.058058156076836696,0.007233581130884232,0.1278784157414744,0.021982715946435617
NBJFF16_MSOM_A,categorical,OPTIMAL,True,4,0.058909258674788245,0.007336869775392822,0.1286881703053846,0.03656092454060811
NBJFF28_MM_A,categorical,OPTIMAL,True,3,0.05930940771832137,0.007388710412069556,0.12895729750741247,0.17412996460621305
NBJFF28_MMAX_A,categorical,OPTIMAL,True,3,0.05266871581870552,0.006568736651956825,0.11685605398597143,0.00517330023700137
NBJFF28_MSOM_A,categorical,OPTIMAL,True,3,0.05930940771832137,0.007388710412069556,0.12895729750741247,0.17412996460621305
NBJFXI3S10_MM_A,categorical,OPTIMAL,True,4,0.061940697799792284,0.007714151958041035,0.13150379657727496,0.0583187940439513
NBJFXI3S10_MMAX_A,categorical,OPTIMAL,True,4,0.06310424383418478,0.007854457973641052,0.1333514121080287,0.09517050595260647
NBJFXI3S10_MSOM_A,categorical,OPTIMAL,True,4,0.061940697799792284,0.007714151958041035,0.13150379657727496,0.0583187940439513
NBJFXI3S16_MM_A,categorical,OPTIMAL,True,4,0.057580882820285194,0.0071759439277647025,0.12590416148445527,0.03053435115145781
NBJFXI3S16_MMAX_A,categorical,OPTIMAL,True,4,0.059273310298661966,0.007382314915578385,0.12929673022129318,0.0060042162184079425
NBJFXI3S16_MSOM_A,categorical,OPTIMAL,True,4,0.057580882820285194,0.0071759439277647025,0.12590416148445527,0.03053435115145781
NBJFXI3S28_MM_A,categorical,OPTIMAL,True,4,0.0612900435896617,0.007629353641425647,0.13148663245045955,0.043270464629670005
NBJFXI3S28_MMAX_A,categorical,OPTIMAL,True,3,0.053116263615311896,0.0066238726728558035,0.11837322991081134,0.05863315139238185
NBJFXI3S28_MSOM_A,categorical,OPTIMAL,True,4,0.0612900435896617,0.007629353641425647,0.13148663245045955,0.043270464629670005
NBJFXY8_MM_A,categorical,OPTIMAL,True,4,0.05973290843371746,0.007442420007901466,0.128823889014005,0.04406768066109854
NBJFXY8_MMAX_A,categorical,OPTIMAL,True,3,0.0624522217936513,0.007778350516146196,0.13138515672986661,0.1846466732041043
NBJFXY8_MSOM_A,categorical,OPTIMAL,True,4,0.05973290843371746,0.007442420007901466,0.128823889014005,0.04406768066109854
NBJFXY10_MM_A,categorical,OPTIMAL,True,4,0.058107772696200856,0.007240111981453417,0.12762887549642254,0.01526828578902686
NBJFXY10_MMAX_A,categorical,OPTIMAL,True,4,0.05999140509722172,0.007470728605418116,0.13015289984029288,0.04200847444011804
NBJFXY10_MSOM_A,categorical,OPTIMAL,True,4,0.058107772696200856,0.007240111981453417,0.12762887549642254,0.01526828578902686
NBJFXY15_MM_A,categorical,OPTIMAL,True,3,0.052883414611131746,0.006595221769638797,0.11801575789109309,0.012389921657883043
NBJFXY15_MMAX_A,categorical,OPTIMAL,True,3,0.05510633063074283,0.006868948328241338,0.12326316721197261,0.04482573640763572
NBJFXY15_MSOM_A,categorical,OPTIMAL,True,3,0.052883414611131746,0.006595221769638797,0.11801575789109309,0.012389921657883043
FFM_VOR_MM_A,categorical,OPTIMAL,True,3,0.05566956557360077,0.006937699833933529,0.12438581919051406,0.1294529948383056
FFM_VOR_MMAX_A,categorical,OPTIMAL,True,3,0.058128647397377504,0.007239072966816229,0.12750799300276994,0.15654350683087181
FXI3SAB_VOR_MM_A,categorical,OPTIMAL,True,3,0.05602322630601569,0.006984288170699191,0.12225725349700822,0.05239326260564329
FXI3SAB_VOR_MMAX_A,categorical,OPTIMAL,True,3,0.05673928035677553,0.007073584950726552,0.12249610819230772,0.06447045790624026
FXIAB_VOR_MM_A,categorical,OPTIMAL,True,3,0.05405514723962501,0.006739710811578057,0.1211415900803644,0.09084560494600405
FXIAB_VOR_MMAX_A,categorical,OPTIMAL,True,3,0.05788667610008397,0.007211936924680387,0.12696033364179582,0.04637332039331142
FXYAB_VOR_MM_A,categorical,OPTIMAL,True,3,0.05536524537704089,0.006901964274363442,0.12320863261915349,0.053011086167335575
FXYAB_VOR_MMAX_A,categorical,OPTIMAL,True,3,0.0545355420336922,0.006799376572066815,0.12207414159203822,0.07862156703846682
FFM_VOR_COM_MM_A_Y,categorical,OPTIMAL,True,4,0.015533899846926984,0.0019392919771462657,0.06698116846891955,0.031892605849097415
FFM_VOR_COM_MMAX_A_Y,categorical,OPTIMAL,True,4,0.020071331204706937,0.0025044869982279853,0.07590064234777871,0.05101505813694601
FXI3SAB_VOR_COM_MM_A_Y,categorical,OPTIMAL,True,2,0.015394444421414584,0.00192014365048216,0.05117865611598882,0.03511877925231687
FXI3SAB_VOR_COM_MMAX_A_Y,categorical,OPTIMAL,True,2,0.015367414355596987,0.0019167790581688152,0.051135254315142986,0.035053179888948946
NBJRR50_MM_A,categorical,OPTIMAL,True,3,0.058236970548884506,0.0072574610420453375,0.1264980251496881,0.1130297940098523
NBJRR50_MMAX_A,categorical,OPTIMAL,True,4,0.06270206350391141,0.007804943457441683,0.13224016480612,0.03946073491535199
NBJRR50_MSOM_A,categorical,OPTIMAL,True,3,0.058236970548884506,0.0072574610420453375,0.1264980251496881,0.1130297940098523
NBJRR1_MM_A,categorical,OPTIMAL,True,4,0.05480369968916226,0.0068323372092903255,0.1227563983385106,0.0017942459555899085
NBJRR1_MMAX_A,categorical,OPTIMAL,True,4,0.055831806971045624,0.006960005259629303,0.1233594819503907,0.0012431860500490895
NBJRR1_MSOM_A,categorical,OPTIMAL,True,4,0.05480369968916226,0.0068323372092903255,0.1227563983385106,0.0017942459555899085
NBJRR5_MM_A,categorical,OPTIMAL,True,4,0.056991761697767304,0.007101347189263742,0.1263769544281944,0.09012045650689905
NBJRR5_MMAX_A,categorical,OPTIMAL,True,4,0.060110993429475214,0.007487224120125047,0.1301031529915362,0.12175358805580654
NBJRR5_MSOM_A,categorical,OPTIMAL,True,4,0.056991761697767304,0.007101347189263742,0.1263769544281944,0.09012045650689905
NBJRR10_MM_A,categorical,OPTIMAL,True,4,0.061064473026219875,0.00760282984623126,0.13084734152410704,0.012107482378920025
NBJRR10_MMAX_A,categorical,OPTIMAL,True,4,0.0621220673811019,0.0077325938807550395,0.13084454062947903,0.0001695728870040357
NBJRR10_MSOM_A,categorical,OPTIMAL,True,4,0.061064473026219875,0.00760282984623126,0.13084734152410704,0.012107482378920025
NBJRR30_MM_A,categorical,OPTIMAL,True,4,0.059697223269035427,0.007435400352202354,0.12906602563063763,0.005418312594749076
NBJRR30_MMAX_A,categorical,OPTIMAL,True,3,0.05866514440248448,0.0073111237756984864,0.12653500307215992,0.11460221534706885
NBJRR30_MSOM_A,categorical,OPTIMAL,True,4,0.059697223269035427,0.007435400352202354,0.12906602563063763,0.005418312594749076
NBJRR100_MM_A,categorical,OPTIMAL,True,2,0.0539633170522404,0.006729438437006314,0.11777174221361875,0.1445350803728395
NBJRR100_MMAX_A,categorical,OPTIMAL,True,2,0.055369763018413246,0.006904301331549521,0.11910711739323698,0.15669471776395552
NBJRR100_MSOM_A,categorical,OPTIMAL,True,2,0.0539633170522404,0.006729438437006314,0.11777174221361875,0.1445350803728395
RR_VOR_MM_A,categorical,OPTIMAL,True,4,0.05921364275635961,0.007373961152838569,0.12871211224326695,0.004890631494710987
RR_VOR_MMAX_A,categorical,OPTIMAL,True,4,0.058713530306916346,0.007313266739178556,0.12844789344417407,0.007140079974977757
RRAB_VOR_MM_A,categorical,OPTIMAL,True,3,0.058113520138984305,0.007241262003404053,0.12677975557314924,0.0650126981847551
RRAB_VOR_MMAX_A,categorical,OPTIMAL,True,3,0.062271660861252354,0.007756211468457308,0.1299141738477907,0.020755168210238716
TAILLE1,categorical,OPTIMAL,True,5,0.42026611704848194,0.050980290844660735,0.3542236302901718,0.8890279519420513
TAILLE2,categorical,OPTIMAL,True,5,0.3658253562558349,0.04446407982755387,0.3313924345513014,0.9119708430704416
CARACT4,categorical,OPTIMAL,True,3,0.02353915072867951,0.002885178196932323,0.03553256431663687,0.011363127683273841
SURFACE4,categorical,OPTIMAL,True,5,0.41272413565897054,0.050196930201998655,0.3492151094490761,0.823650142373448
SURFACE6,categorical,OPTIMAL,True,5,0.4127164215352592,0.05019607662737581,0.3492120961948325,0.8236527152728883
total_surface_2023,categorical,OPTIMAL,True,5,0.014131857574252574,0.001764140909134558,0.06428088242646979,0.014090640492842544
total_surface_5y,categorical,OPTIMAL,True,5,0.033339126862607996,0.004148317110872512,0.09012225802088747,0.05398618504830901
surface_over_forest,categorical,OPTIMAL,True,4,0.008360771054200938,0.001043276066484237,0.038910192267484156,0.003549421251177733
fire_extinction_rates,categorical,OPTIMAL,True,5,0.0035068894837445895,0.00043822845762347333,0.031402341931765054,7.090274242946706e-05
ANCIENNETE,numerical,OPTIMAL,True,5,0.007776376055744112,0.0009709101788345354,0.04504063148117621,0.001325675026242884
CARACT2,numerical,OPTIMAL,True,1,0.005914902133793538,0.0007359210980975289,0.016396784649545304,0.002846147745116249
DUREE_REQANEUF,numerical,OPTIMAL,True,4,0.042638109756673793,0.004915242368133541,0.051720382278003796,0.011965954311461954
CARACT5,numerical,OPTIMAL,True,2,0.02050059117501485,0.002533168979306051,0.03510112358169537,0.01049772025464545
TYPBAT2,numerical,OPTIMAL,True,3,0.030246442388043998,0.0037725054189699145,0.09282287547304047,0.10412858331123241
DEROG1,numerical,OPTIMAL,True,1,0.0,0.0,0,0.0
DEROG6,numerical,OPTIMAL,True,1,0.0,0.0,0,0.0
DEROG7,numerical,OPTIMAL,True,1,0.0,0.0,0,0.0
DEROG9,numerical,OPTIMAL,True,1,0.0,0.0,0,0.0
DEROG10,numerical,OPTIMAL,True,1,0.0,0.0,0,0.0
DEROG11,numerical,OPTIMAL,True,1,0.0,0.0,0,0.0
DEROG15,numerical,OPTIMAL,True,1,0.0,0.0,0,0.0
CA1,numerical,OPTIMAL,True,2,0.05460334722279548,0.006700954643138286,0.07096821220927796,0.033008070014794236
CA2,numerical,OPTIMAL,True,1,2.9098739766348285e-08,3.63734246638692e-09,0.00017057625250538333,6.16146324522809e-11
CA3,numerical,OPTIMAL,True,1,0.005737599158918702,0.00071393649140419,0.016096606288865,0.0027481688199554604
KAPITAL1,numerical,OPTIMAL,True,2,0.010164926948362041,0.001255095889757668,0.01774410023119033,0.002650957294628246
KAPITAL2,numerical,OPTIMAL,True,1,0.0,0.0,0,0.0
KAPITAL3,numerical,OPTIMAL,True,2,0.05949897313699627,0.0072298524358066895,0.06364144992704013,0.029061382972903574
KAPITAL4,numerical,OPTIMAL,True,1,0.0,0.0,0,0.0
KAPITAL5,numerical,OPTIMAL,True,1,0.0,0.0,0,0.0
KAPITAL6,numerical,OPTIMAL,True,2,0.28043888132885625,0.03462003148563888,0.2599603935481217,0.5928286307723284
KAPITAL7,numerical,OPTIMAL,True,2,0.1565108599282391,0.019259756795164555,0.16900732840324295,0.22482936172908352
KAPITAL8,numerical,OPTIMAL,True,2,0.08296527816640956,0.009983850929468263,0.07601866442175953,0.03805463084493301
KAPITAL9,numerical,OPTIMAL,True,2,0.07103340404138542,0.008740759037457801,0.09195536874637678,0.06862216758210497
KAPITAL10,numerical,OPTIMAL,True,5,0.12606448918592744,0.015514525909923433,0.16665735528740722,0.20987574348039514
KAPITAL11,numerical,OPTIMAL,True,5,0.5004156219410205,0.059369967326059536,0.34608572828016704,0.8295316348845255
KAPITAL12,numerical,OPTIMAL,True,5,0.5020640592293322,0.05956545463810417,0.35034159355340944,0.813512830046294
KAPITAL13,numerical,OPTIMAL,True,2,0.010164926948362041,0.001255095889757668,0.01774410023119033,0.002650957294628246
KAPITAL14,numerical,OPTIMAL,True,2,0.09755549873244326,0.01208093879127508,0.13507995181064814,0.16148612839985588
KAPITAL15,numerical,OPTIMAL,True,1,0.0013887973927899063,0.00016956031432966226,0.0018257022707152126,2.8065231984365125e-05
KAPITAL16,numerical,OPTIMAL,True,1,0.0051550397465928485,0.0006241633639348407,0.00577066502268575,0.00026155223441396173
KAPITAL17,numerical,OPTIMAL,True,1,0.007826760798024805,0.0009160338335821193,0.00604120152034493,0.00022797139511906097
KAPITAL18,numerical,OPTIMAL,True,1,0.0016824167525916998,0.0001813725592161768,0.0008463801624740697,2.9458945120370382e-06
KAPITAL19,numerical,OPTIMAL,True,1,0.0002935837372358767,3.6567407816622395e-05,0.0009974531148218002,1.0729483220872238e-05
KAPITAL20,numerical,OPTIMAL,True,1,0.0005820364049200162,7.110029284294555e-05,0.0007758832052101594,5.0928830895878145e-06
KAPITAL21,numerical,OPTIMAL,True,5,0.30951684415222563,0.03802914479603123,0.29567640117943184,0.6389025534027376
KAPITAL22,numerical,OPTIMAL,True,1,0.0032399594370910736,0.0003993029481210173,0.005454263674395943,0.00027519605391149664
KAPITAL23,numerical,OPTIMAL,True,5,0.183530174548275,0.022241269945292512,0.17877374712809968,0.22965885254158128
KAPITAL24,numerical,OPTIMAL,True,3,0.07804332052365698,0.009522098543172671,0.09287292316458606,0.06973054487524248
KAPITAL25,numerical,OPTIMAL,True,5,0.17355317153407962,0.021067555799594087,0.17544363625004444,0.40016797072718324
KAPITAL26,numerical,OPTIMAL,True,2,0.005700916466104752,0.0007079268953036652,0.013578043769958414,0.0016765236852346254
KAPITAL27,numerical,OPTIMAL,True,3,0.07758957662426208,0.009573446281323486,0.11182909968672117,0.10867789611383209
KAPITAL28,numerical,OPTIMAL,True,2,0.00494250793078582,0.0006147344142021804,0.013442178661906001,0.0016878611465334847
KAPITAL29,numerical,OPTIMAL,True,1,0.0027274788468872424,0.0003358755821518696,0.0044789393967984426,0.00033226558835356134
KAPITAL30,numerical,OPTIMAL,True,1,0.0027274788468872424,0.0003358755821518696,0.0044789393967984426,0.00033226558835356134
KAPITAL31,numerical,OPTIMAL,True,1,9.684453024502032e-11,1.2105621791399206e-11,9.840937644556291e-06,1.1832378085187076e-14
KAPITAL32,numerical,OPTIMAL,True,5,0.5609508279336408,0.0669934588728973,0.39141166651378656,0.7550925163042747
KAPITAL33,numerical,OPTIMAL,True,2,0.00031892090291320464,3.9851066733555566e-05,0.0032969441671708566,6.761076300110355e-05
KAPITAL36,numerical,OPTIMAL,True,1,0.0,0.0,0,0.0
KAPITAL38,numerical,OPTIMAL,True,1,0.0,0.0,0,0.0
KAPITAL39,numerical,OPTIMAL,True,1,0.0,0.0,0,0.0
SURFACE1,numerical,OPTIMAL,True,5,0.4196562593011871,0.05098818792656076,0.3533054017910613,0.8488071926153565
SURFACE2,numerical,OPTIMAL,True,5,0.41967118747692983,0.05098994742037452,0.35331109045470543,0.848802920377011
SURFACE3,numerical,OPTIMAL,True,5,0.36554655429321714,0.04429524729496399,0.3211065311166016,0.9312332061045009
SURFACE5,numerical,OPTIMAL,True,5,0.0034059118519964428,0.00042540744927101876,0.021519448784065975,2.2400308429405743e-05
SURFACE7,numerical,OPTIMAL,True,5,0.35784341025231164,0.04338735081444265,0.31572887939113015,0.7094379756256654
SURFACE8,numerical,OPTIMAL,True,3,0.06562226020005987,0.008145315572252582,0.12096459638462487,0.1442358250627116
SURFACE9,numerical,OPTIMAL,True,2,0.003255114712173776,0.00040575785174495004,0.01348345525781025,0.0024366161203316352
SURFACE10,numerical,OPTIMAL,True,5,0.3999820349913172,0.048709901392555766,0.3357263452008741,0.5030223689344832
SURFACE11,numerical,OPTIMAL,True,5,0.34386644725786264,0.041783924072690874,0.3152607310095914,0.8893386938304698
SURFACE12,numerical,OPTIMAL,True,2,0.0005744682328728543,7.173466039072697e-05,0.0035327148216881543,9.466242605587759e-05
SURFACE13,numerical,OPTIMAL,True,2,0.04883695722708252,0.0057900305540981864,0.040305739222446624,0.02950660247761813
SURFACE14,numerical,OPTIMAL,True,1,0.0,0.0,0,0.0
SURFACE15,numerical,OPTIMAL,True,1,0.0,0.0,0,0.0
SURFACE16,numerical,OPTIMAL,True,3,0.007326439106841802,0.0009096768176449891,0.01859814142767835,0.0017535852110067062
SURFACE17,numerical,OPTIMAL,True,3,0.11436267038924416,0.014089031499531569,0.14297729381328828,0.16653855315078905
SURFACE18,numerical,OPTIMAL,True,4,0.037765005608354975,0.004706713506558163,0.09627655068928864,0.03868573035969958
SURFACE19,numerical,OPTIMAL,True,2,0.03497891603197538,0.004359059798535641,0.08364507577442348,0.025331935452693667
SURFACE20,numerical,OPTIMAL,True,1,0.0,0.0,0,0.0
SURFACE21,numerical,OPTIMAL,True,1,0.0,0.0,0,0.0
NBBAT1,numerical,OPTIMAL,True,5,0.30890333648568646,0.037723544481840954,0.3031454958852903,0.8273816046022548
NBBAT2,numerical,OPTIMAL,True,4,0.04260124874684873,0.0052182367158312756,0.05834892062296959,0.02213646409056012
NBBAT3,numerical,OPTIMAL,True,1,0.0,0.0,0,0.0
NBBAT4,numerical,OPTIMAL,True,5,0.30928669834495065,0.037769825560633796,0.3033297468100171,0.8277261220686823
NBBAT5,numerical,OPTIMAL,True,1,0.0,0.0,0,0.0
NBBAT6,numerical,OPTIMAL,True,2,0.010759177560633146,0.0013254507121477827,0.017325652043644113,0.00246154276156148
NBBAT7,numerical,OPTIMAL,True,1,0.0,0.0,0,0.0
NBBAT8,numerical,OPTIMAL,True,2,0.022273668827426752,0.00273206775878518,0.030676282796989973,0.007382666372504221
NBBAT9,numerical,OPTIMAL,True,5,0.02902073515819481,0.0035880766049288582,0.06722638269119452,0.005378044033177258
NBBAT10,numerical,OPTIMAL,True,4,0.04260124874684873,0.0052182367158312756,0.05834892062296959,0.02213646409056012
NBBAT11,numerical,OPTIMAL,True,1,0.0,0.0,0,0.0
NBBAT13,numerical,OPTIMAL,True,5,0.2815850743533958,0.03448126356926535,0.29015168237618105,0.7946876131085786
NBBAT14,numerical,OPTIMAL,True,3,0.0030784551517714543,0.000384551844048941,0.021071057890709732,0.006309006874628203
TAILLE3,numerical,OPTIMAL,True,3,0.09952462908010234,0.01231698763763285,0.1358992593396937,0.08164703205736361
TAILLE4,numerical,OPTIMAL,True,2,0.0001414255333115423,1.7674531857842998e-05,0.001925606208395103,1.7101467348907418e-05
NBSINCONJ,numerical,OPTIMAL,True,4,0.13890229563589104,0.01693044323970111,0.14884481734371102,0.16736937319484035
NBSINSTRT,numerical,OPTIMAL,True,3,0.22503224492715931,0.02754423855693952,0.23023806553800952,0.42443598477150074
RISK1,numerical,OPTIMAL,True,3,0.024675044455620854,0.0030758342656915616,0.08035256380983746,0.07344251714609346
RISK2,numerical,OPTIMAL,True,5,0.027669187782996256,0.0034491990432232006,0.08992694669951096,0.023074810140805847
RISK3,numerical,OPTIMAL,True,5,0.026125886867473476,0.0032574250409142746,0.0869437944314132,0.0017321817928029018
RISK4,numerical,OPTIMAL,True,5,0.030670441280803387,0.0038244614302868165,0.09500384894563874,0.07261139081104104
RISK5,numerical,OPTIMAL,True,5,0.042122032340346935,0.005246980477891334,0.10959660648433234,0.12235387980855288
RISK7,numerical,OPTIMAL,True,5,0.023722880869062872,0.002957633242877076,0.08069773023334137,0.005621310509663943
EQUIPEMENT1,numerical,OPTIMAL,True,2,0.036160843032814756,0.004466193107797778,0.05719861523962644,0.027791657532783128
EQUIPEMENT3,numerical,OPTIMAL,True,1,0.0,0.0,0,0.0
EQUIPEMENT4,numerical,OPTIMAL,True,2,0.011719005128576303,0.0014578515664718612,0.030158188077358594,0.011772849456356562
EQUIPEMENT6,numerical,OPTIMAL,True,5,0.1935776909397054,0.023835700513652934,0.24158250121759683,0.5997108165512304
EQUIPEMENT7,numerical,OPTIMAL,True,5,0.1935776909397054,0.023835700513652934,0.24158250121759683,0.5997108165512304
ZONE_VENT,numerical,OPTIMAL,True,3,0.023571109655472922,0.002938239340596411,0.07506326816355113,0.07244231420737116
CA_TOT,numerical,OPTIMAL,True,2,0.053607730449981905,0.0066215002677125195,0.08144217134515197,0.04791090952349165
CA_MEAN,numerical,OPTIMAL,True,3,0.05490210057406277,0.006767293525024818,0.08181858198150449,0.052678038403906766
CA1_CA_TOT,numerical,OPTIMAL,True,1,0.05397228846801104,0.006630583968044727,0.07057799498033668,0.04472242647692037
CA1_CA_MEAN,numerical,OPTIMAL,True,1,0.05397228846801104,0.006630583968044727,0.07057799498033668,0.04472242647692037
CA2_CA_TOT,numerical,OPTIMAL,True,1,2.9098739766348285e-08,3.63734246638692e-09,0.00017057625250538333,6.16146324522809e-11
CA2_CA_MEAN,numerical,OPTIMAL,True,1,2.9098739766348285e-08,3.63734246638692e-09,0.00017057625250538333,6.16146324522809e-11
CA3_CA_TOT,numerical,OPTIMAL,True,1,0.005737599158918702,0.00071393649140419,0.016096606288865,0.0027481688199554604
CA3_CA_MEAN,numerical,OPTIMAL,True,1,0.005737599158918702,0.00071393649140419,0.016096606288865,0.0027481688199554604
Unknown,numerical,OPTIMAL,True,4,0.02256499920485666,0.002799358368940569,0.05496836146591211,0.029842161562178286
Involontaire (travaux),numerical,OPTIMAL,True,5,0.01492067551567493,0.0018432363716291455,0.047819834861408506,0.01584446185909824
Involontaire (particulier),numerical,OPTIMAL,True,5,0.01658589096725201,0.0020630137697441385,0.05264905983547652,0.02589365848233755
Accidentelle,numerical,OPTIMAL,True,5,0.022735123480321254,0.0028267254928338722,0.07187504246689569,0.05617798370529445
Malveillance,numerical,OPTIMAL,True,4,0.013887238436693405,0.0017158617957697118,0.039034322897985585,0.021178402810539253
Naturelle,numerical,OPTIMAL,True,4,0.012507649877511021,0.0015529094048404683,0.03453129516387288,0.012580100809141027
KAPITAL_SUM,numerical,OPTIMAL,True,5,0.5553289633520473,0.06582289829744392,0.3718041750064538,0.7465531537477916
KAPITAL_MAX,numerical,OPTIMAL,True,5,0.5361027621168902,0.06359604305155181,0.3740131751219661,0.8160527332247012
DEROG13_formatted,numerical,OPTIMAL,True,1,0.0,0.0,0,0.0
DEROG8_formatted,numerical,OPTIMAL,True,2,0.023076532806659347,0.002660626920341643,0.01583049073229581,0.005171048496548428
DEROG3_formatted,numerical,OPTIMAL,True,2,0.021386830553554854,0.0024874590333810475,0.01557295643474177,0.004846917375471651
DEROG16_formatted,numerical,OPTIMAL,True,1,0.0,0.0,0,0.0
DEROG14_formatted,numerical,OPTIMAL,True,1,0.0,0.0,0,0.0
